ACCT,BUDGET,COST TO DATE,COMMITMENTS,TIPO,REF,GEN_ACCT,Etapa,VARIANCE
1100,10065000.0,10065000.08,0.0,Above the Line,Cuenta General,,,-0.0800000000745058
1200,9449620.0,9361342.31,0.0,Above the Line,Cuenta General,,,88277.68999999948
1300,2810543.88,2663850.5300000003,0.0,Above the Line,Cuenta General,,,146693.34999999963
1400,11960556.35,13899922.024999999,0.0,Above the Line,Cuenta General,,,-1939365.6749999989
1600,1416167.22,1188979.765,0.0,Above the Line,Cuenta General,,,227187.45500000007
2000,6668300.0,7144077.982,0.0,Below the Line,Cuenta General,,,-475777.98199999984
2100,1614000.0,2041865.6,0.0,Below the Line,Cuenta General,,,-427865.6000000001
2200,1825740.0,1857793.179,0.0,Below the Line,Cuenta General,,,-32053.179000000004
2300,1427550.0,951190.5660000001,0.0,Below the Line,Cuenta General,,,476359.4339999999
2400,5268025.0,5254387.157000001,0.0,Below the Line,Cuenta General,,,13637.842999999411
2500,1009000.0,1098245.021,0.0,Below the Line,Cuenta General,,,-89245.02099999995
2600,1115250.0,1298282.0,0.0,Below the Line,Cuenta General,,,-183032.0
2700,2972500.0,2967066.147,0.0,Below the Line,Cuenta General,,,5433.853000000119
2800,1208200.0,1159295.102,0.0,Below the Line,Cuenta General,,,48904.898000000045
2900,630386.75,363183.2,0.0,Below the Line,Cuenta General,,,267203.55
3000,1624361.46,1170276.94,0.0,Below the Line,Cuenta General,,,454084.52
3100,11484172.030000001,11595695.2,0.0,Below the Line,Cuenta General,,,-111523.16999999806
3200,1139000.0,1472577.4100000001,0.0,Below the Line,Cuenta General,,,-333577.41000000015
3300,165500.0,408200.0,0.0,Below the Line,Cuenta General,,,-242700.0
3400,15001515.11,12724039.845,0.0,Below the Line,Cuenta General,,,2277475.2649999987
3500,281000.0,299000.0,0.0,Below the Line,Cuenta General,,,-18000.0
3600,7591103.12,7730090.859,0.0,Below the Line,Cuenta General,,,-138987.73900000006
3700,810000.0,896400.0,0.0,Below the Line,Cuenta General,,,-86400.0
3800,747018.96,656977.98,0.0,Below the Line,Cuenta General,,,90040.97999999998
3900,5965292.71,5884214.414,0.0,Below the Line,Cuenta General,,,81078.29600000009
4100,1451938.3,1461546.561,0.0,Below the Line,Cuenta General,,,-9608.26099999994
5000,4891351.46,4889054.93,0.0,Post,Cuenta General,,,2296.5300000002608
5100,2206500.0,2159000.0,0.0,Post,Cuenta General,,,47500.0
5200,1843600.0,1866170.0,0.0,Post,Cuenta General,,,-22570.0
5300,80000.0,0.0,0.0,Post,Cuenta General,,,80000.0
5400,100000.0,35000.0,0.0,Post,Cuenta General,,,65000.0
6000,3833200.0,4291613.01,0.0,Post,Cuenta General,,,-458413.0099999998
6100,1452334.48,1250234.47,0.0,Post,Cuenta General,,,202100.01
7000,13503508.17,12895653.216,1073641.650000001,Others,Cuenta General,,,-465786.69600000046
7200,1485676.0,1371757.2650000001,0.0,Others,Cuenta General,,,113918.73499999987
1101,8340000.0,8340000.02,0.0,Above the Line,Sub cuenta,1100,,-0.019999999552965164
1104,150000.0,150000.0,0.0,Above the Line,Sub cuenta,1100,,0.0
1107,1100000.0,1100000.06,0.0,Above the Line,Sub cuenta,1100,,-0.060000000055879354
1122,250000.0,250000.0,0.0,Above the Line,Sub cuenta,1100,,0.0
1193,225000.0,225000.0,0.0,Above the Line,Sub cuenta,1100,,0.0
1201,5979120.0,5978554.41,0.0,Above the Line,Sub cuenta,1200,,565.589999999851
1202,1063000.0,1063000.0,0.0,Above the Line,Sub cuenta,1200,,0.0
1204,1050000.0,1053750.0,0.0,Above the Line,Sub cuenta,1200,,-3750.0
1222,564500.0,566000.0,0.0,Above the Line,Sub cuenta,1200,,-1500.0
1287,793000.0,700037.9,0.0,Above the Line,Sub cuenta,1200,,92962.09999999998
1301,2138352.0,2183856.08,0.0,Above the Line,Sub cuenta,1300,,-45504.080000000075
1302,259248.0,400994.44999999995,0.0,Above the Line,Sub cuenta,1300,,-141746.44999999995
1320,75000.0,79000.0,0.0,Above the Line,Sub cuenta,1300,,-4000.0
1387,205200.0,0.0,0.0,Above the Line,Sub cuenta,1300,,205200.0
1399,132743.88,0.0,0.0,Above the Line,Sub cuenta,1300,,132743.88
1401,7612289.0,8807210.2,0.0,Above the Line,Sub cuenta,1400,,-1194921.1999999993
1403,1240398.32,1491930.49,0.0,Above the Line,Sub cuenta,1400,,-251532.16999999993
1404,255106.0,107315.31,0.0,Above the Line,Sub cuenta,1400,,147790.69
1406,196425.0,274385.23,0.0,Above the Line,Sub cuenta,1400,,-77960.22999999998
1410,528052.0,715517.93,0.0,Above the Line,Sub cuenta,1400,,-187465.93000000005
1411,330002.0,137813.36,0.0,Above the Line,Sub cuenta,1400,,192188.64
1412,78000.0,0.0,0.0,Above the Line,Sub cuenta,1400,,78000.0
1413,309100.0,232300.0,0.0,Above the Line,Sub cuenta,1400,,76800.0
1420,381225.0,381243.0,0.0,Above the Line,Sub cuenta,1400,,-18.0
1426,33868.0,24858.657,0.0,Above the Line,Sub cuenta,1400,,9009.343
1480,170000.0,70000.0,0.0,Above the Line,Sub cuenta,1400,,100000.0
1487,8000.0,7577.139999999999,0.0,Above the Line,Sub cuenta,1400,,422.8600000000006
1499,818091.0300000001,1649770.708,0.0,Above the Line,Sub cuenta,1400,,-831679.678
1620,108000.0,96760.18,0.0,Above the Line,Sub cuenta,1600,,11239.820000000007
1621,229344.44,351513.03,0.0,Above the Line,Sub cuenta,1600,,-122168.59000000003
1630,50000.0,29006.690000000002,0.0,Above the Line,Sub cuenta,1600,,20993.309999999998
1631,95072.22,25745.03,0.0,Above the Line,Sub cuenta,1600,,69327.19
1640,209441.63,176920.023,0.0,Above the Line,Sub cuenta,1600,,32521.607000000018
1641,560513.3999999999,436616.12,0.0,Above the Line,Sub cuenta,1600,,123897.27999999991
1642,146500.0,71091.59,0.0,Above the Line,Sub cuenta,1600,,75408.41
1643,10500.0,770.212,0.0,Above the Line,Sub cuenta,1600,,9729.788
1699,6795.530000000001,556.89,0.0,Above the Line,Sub cuenta,1600,,6238.64
2001,520000.0,520000.0,0.0,Below the Line,Sub cuenta,2000,,0.0
2003,742500.0,785134.0,0.0,Below the Line,Sub cuenta,2000,,-42634.0
2004,551250.0,577500.0,0.0,Below the Line,Sub cuenta,2000,,-26250.0
2005,673500.0,683500.0,0.0,Below the Line,Sub cuenta,2000,,-10000.0
2006,90000.0,93750.0,0.0,Below the Line,Sub cuenta,2000,,-3750.0
2009,198200.0,209633.33000000002,0.0,Below the Line,Sub cuenta,2000,,-11433.330000000016
2010,726750.0,726750.0,0.0,Below the Line,Sub cuenta,2000,,0.0
2011,749500.0,749500.0,0.0,Below the Line,Sub cuenta,2000,,0.0
2013,491400.0,567000.0,0.0,Below the Line,Sub cuenta,2000,,-75600.0
2014,429000.0,443000.0,0.0,Below the Line,Sub cuenta,2000,,-14000.0
2017,237500.0,253500.0,0.0,Below the Line,Sub cuenta,2000,,-16000.0
2019,119000.0,142600.0,0.0,Below the Line,Sub cuenta,2000,,-23600.0
2020,619000.0,698220.55,0.0,Below the Line,Sub cuenta,2000,,-79220.55000000005
2030,307700.0,335700.0,0.0,Below the Line,Sub cuenta,2000,,-28000.0
2042,5000.0,9054.285,0.0,Below the Line,Sub cuenta,2000,,-4054.285
2045,148000.0,148500.0,0.0,Below the Line,Sub cuenta,2000,,-500.0
2080,60000.0,200735.81699999998,0.0,Below the Line,Sub cuenta,2000,,-140735.81699999998
2103,1322000.0,2041865.6,0.0,Below the Line,Sub cuenta,2100,,-719865.6000000001
2110,292000.0,0.0,0.0,Below the Line,Sub cuenta,2100,,292000.0
2201,598290.0,598290.0,0.0,Below the Line,Sub cuenta,2200,,0.0
2202,387450.0,387450.0,0.0,Below the Line,Sub cuenta,2200,,0.0
2203,151200.0,151200.0,0.0,Below the Line,Sub cuenta,2200,,0.0
2206,490000.0,511630.0,0.0,Below the Line,Sub cuenta,2200,,-21630.0
2213,163800.0,180400.0,0.0,Below the Line,Sub cuenta,2200,,-16600.0
2285,35000.0,28823.179,0.0,Below the Line,Sub cuenta,2200,,6176.821
2310,116550.0,129150.0,0.0,Below the Line,Sub cuenta,2300,,-12600.0
2311,125000.0,112566.2,0.0,Below the Line,Sub cuenta,2300,,12433.800000000003
2385,60000.0,91213.206,0.0,Below the Line,Sub cuenta,2300,,-31213.206000000006
2390,66000.0,62840.0,0.0,Below the Line,Sub cuenta,2300,,3160.0
2394,1000000.0,497019.69000000006,0.0,Below the Line,Sub cuenta,2300,,502980.30999999994
2398,60000.0,58401.47,0.0,Below the Line,Sub cuenta,2300,,1598.5299999999988
2401,788425.0,810743.33,0.0,Below the Line,Sub cuenta,2400,,-22318.329999999958
2402,88200.0,75600.0,0.0,Below the Line,Sub cuenta,2400,,12600.0
2403,358650.0,416746.66,0.0,Below the Line,Sub cuenta,2400,,-58096.659999999974
2405,301020.0,507605.83,0.0,Below the Line,Sub cuenta,2400,,-206585.83000000002
2485,144000.0,114287.72,0.0,Below the Line,Sub cuenta,2400,,29712.28
2490,120000.0,114000.0,0.0,Below the Line,Sub cuenta,2400,,6000.0
2494,3001630.0,2814999.5670000003,0.0,Below the Line,Sub cuenta,2400,,186630.43299999973
2495,366100.0,274470.2,0.0,Below the Line,Sub cuenta,2400,,91629.79999999999
2498,100000.0,125933.85,0.0,Below the Line,Sub cuenta,2400,,-25933.850000000006
2501,360500.0,360500.0,0.0,Below the Line,Sub cuenta,2500,,0.0
2502,111000.0,105800.0,0.0,Below the Line,Sub cuenta,2500,,5200.0
2508,102500.0,67840.75,0.0,Below the Line,Sub cuenta,2500,,34659.25
2585,85000.0,87729.117,0.0,Below the Line,Sub cuenta,2500,,-2729.1169999999984
2594,310000.0,469634.524,0.0,Below the Line,Sub cuenta,2500,,-159634.52399999998
2598,40000.0,6740.63,0.0,Below the Line,Sub cuenta,2500,,33259.37
2601,61900.0,82878.25,0.0,Below the Line,Sub cuenta,2600,,-20978.25
2602,660900.0,706353.75,0.0,Below the Line,Sub cuenta,2600,,-45453.75
2621,63600.0,98000.0,0.0,Below the Line,Sub cuenta,2600,,-34400.0
2623,303850.0,411050.0,0.0,Below the Line,Sub cuenta,2600,,-107200.0
2693,25000.0,0.0,0.0,Below the Line,Sub cuenta,2600,,25000.0
2701,382500.0,382500.0,0.0,Below the Line,Sub cuenta,2700,,0.0
2703,160000.0,160000.0,0.0,Below the Line,Sub cuenta,2700,,0.0
2705,252000.0,252000.0,0.0,Below the Line,Sub cuenta,2700,,0.0
2706,120000.0,121500.0,0.0,Below the Line,Sub cuenta,2700,,-1500.0
2707,229000.0,318640.0,0.0,Below the Line,Sub cuenta,2700,,-89640.0
2709,10000.0,0.0,0.0,Below the Line,Sub cuenta,2700,,10000.0
2794,1500000.0,1488476.147,0.0,Below the Line,Sub cuenta,2700,,11523.852999999886
2795,299000.0,243950.0,0.0,Below the Line,Sub cuenta,2700,,55050.0
2798,20000.0,0.0,0.0,Below the Line,Sub cuenta,2700,,20000.0
2801,474900.0,488100.0,0.0,Below the Line,Sub cuenta,2800,,-13200.0
2802,253400.0,253400.0,0.0,Below the Line,Sub cuenta,2800,,0.0
2804,120000.0,120000.0,0.0,Below the Line,Sub cuenta,2800,,0.0
2805,159900.0,149400.0,0.0,Below the Line,Sub cuenta,2800,,10500.0
2808,120000.0,135637.142,0.0,Below the Line,Sub cuenta,2800,,-15637.141999999993
2885,80000.0,12757.96,0.0,Below the Line,Sub cuenta,2800,,67242.04000000001
2902,411636.75000000006,345940.0,0.0,Below the Line,Sub cuenta,2900,,65696.75000000006
2911,60000.0,9543.2,0.0,Below the Line,Sub cuenta,2900,,50456.8
2985,78750.0,7700.0,0.0,Below the Line,Sub cuenta,2900,,71050.0
2998,80000.0,0.0,0.0,Below the Line,Sub cuenta,2900,,80000.0
3001,211465.80999999997,179527.93,0.0,Below the Line,Sub cuenta,3000,,31937.879999999976
3002,418795.64999999997,420036.00999999995,0.0,Below the Line,Sub cuenta,3000,,-1240.359999999986
3003,468050.0,354754.98,0.0,Below the Line,Sub cuenta,3000,,113295.02000000002
3004,117300.0,71683.32,0.0,Below the Line,Sub cuenta,3000,,45616.67999999999
3085,235000.0,69141.37,0.0,Below the Line,Sub cuenta,3000,,165858.63
3091,93750.0,75133.33,0.0,Below the Line,Sub cuenta,3000,,18616.67
3098,80000.0,0.0,0.0,Below the Line,Sub cuenta,3000,,80000.0
3101,989000.0,1003000.0,0.0,Below the Line,Sub cuenta,3100,,-14000.0
3102,605208.29,637583.3099999999,0.0,Below the Line,Sub cuenta,3100,,-32375.019999999902
3104,490916.62,467123.12,0.0,Below the Line,Sub cuenta,3100,,23793.5
3108,126000.0,126000.0,0.0,Below the Line,Sub cuenta,3100,,0.0
3109,174750.0,203333.0,0.0,Below the Line,Sub cuenta,3100,,-28583.0
3110,125000.0,64700.0,0.0,Below the Line,Sub cuenta,3100,,60300.0
3112,272000.0,272000.0,0.0,Below the Line,Sub cuenta,3100,,0.0
3145,837000.0,835124.99,0.0,Below the Line,Sub cuenta,3100,,1875.0100000000093
3185,120000.0,67265.44,0.0,Below the Line,Sub cuenta,3100,,52734.56
3192,324000.0,134000.0,0.0,Below the Line,Sub cuenta,3100,,190000.0
3193,7120297.12,7755208.34,0.0,Below the Line,Sub cuenta,3100,,-634911.2199999997
3198,300000.0,30357.0,0.0,Below the Line,Sub cuenta,3100,,269643.0
3201,483500.0,519733.33,0.0,Below the Line,Sub cuenta,3200,,-36233.330000000016
3220,462500.0,746450.76,0.0,Below the Line,Sub cuenta,3200,,-283950.76
3292,153000.0,158250.0,0.0,Below the Line,Sub cuenta,3200,,-5250.0
3294,20000.0,13125.76,0.0,Below the Line,Sub cuenta,3200,,6874.24
3298,20000.0,35017.56,0.0,Below the Line,Sub cuenta,3200,,-15017.559999999998
3305,165500.0,408200.0,0.0,Below the Line,Sub cuenta,3300,,-242700.0
3401,271779.74,356865.229,0.0,Below the Line,Sub cuenta,3400,,-85085.489
3402,504000.0,490000.0,0.0,Below the Line,Sub cuenta,3400,,14000.0
3403,768000.0,753740.0,0.0,Below the Line,Sub cuenta,3400,,14260.0
3407,317300.0,313050.0,0.0,Below the Line,Sub cuenta,3400,,4250.0
3408,100000.0,65000.0,0.0,Below the Line,Sub cuenta,3400,,35000.0
3410,4701050.0,4892691.512,0.0,Below the Line,Sub cuenta,3400,,-191641.5120000001
3412,6880105.37,4270057.826,0.0,Below the Line,Sub cuenta,3400,,2610047.5439999998
3416,112000.0,115587.078,0.0,Below the Line,Sub cuenta,3400,,-3587.077999999994
3442,807280.0,947905.22,0.0,Below the Line,Sub cuenta,3400,,-140625.21999999997
3480,80000.0,72600.0,0.0,Below the Line,Sub cuenta,3400,,7400.0
3485,60000.0,86372.75,0.0,Below the Line,Sub cuenta,3400,,-26372.75
3498,400000.0,360170.23,0.0,Below the Line,Sub cuenta,3400,,39829.77000000002
3583,281000.0,299000.0,0.0,Below the Line,Sub cuenta,3500,,-18000.0
3601,128000.0,96000.0,0.0,Below the Line,Sub cuenta,3600,,32000.0
3629,235000.0,110242.09999999999,0.0,Below the Line,Sub cuenta,3600,,124757.90000000001
3632,1551403.12,1327324.359,0.0,Below the Line,Sub cuenta,3600,,224078.76100000017
3633,170000.0,0.0,0.0,Below the Line,Sub cuenta,3600,,170000.0
3683,5456700.0,6021743.4,0.0,Below the Line,Sub cuenta,3600,,-565043.4000000004
3698,50000.0,174781.0,0.0,Below the Line,Sub cuenta,3600,,-124781.0
3716,90000.0,16400.0,0.0,Below the Line,Sub cuenta,3700,,73600.0
3793,720000.0,880000.0,0.0,Below the Line,Sub cuenta,3700,,-160000.0
3807,438400.0,438400.0,0.0,Below the Line,Sub cuenta,3800,,0.0
3813,197118.96,218577.97999999998,0.0,Below the Line,Sub cuenta,3800,,-21459.01999999999
3894,111500.0,0.0,0.0,Below the Line,Sub cuenta,3800,,111500.0
3901,210701.0,333307.941,0.0,Below the Line,Sub cuenta,3900,,-122606.94099999999
3902,4360556.34,4515991.63,0.0,Below the Line,Sub cuenta,3900,,-155435.29000000004
3903,1037943.5200000001,846901.5199999999,0.0,Below the Line,Sub cuenta,3900,,191042.00000000023
3904,10000.0,14286.463,0.0,Below the Line,Sub cuenta,3900,,-4286.463
3936,225160.0,127306.12,0.0,Below the Line,Sub cuenta,3900,,97853.88
3999,120931.84999999999,46420.74,0.0,Below the Line,Sub cuenta,3900,,74511.10999999999
4180,1451938.3,1461546.561,0.0,Below the Line,Sub cuenta,4100,,-9608.26099999994
5001,1355250.0,1359250.0,0.0,Post,Sub cuenta,5000,,-4000.0
5002,435500.0,435500.0,0.0,Post,Sub cuenta,5000,,0.0
5009,638000.0,671000.0,0.0,Post,Sub cuenta,5000,,-33000.0
5010,319000.0,335500.0,0.0,Post,Sub cuenta,5000,,-16500.0
5011,194200.0,194200.0,0.0,Post,Sub cuenta,5000,,0.0
5018,96400.0,96400.0,0.0,Post,Sub cuenta,5000,,0.0
5022,1738000.0,1738000.0,0.0,Post,Sub cuenta,5000,,0.0
5024,115001.46,59204.93,0.0,Post,Sub cuenta,5000,,55796.530000000006
5101,324000.0,324000.0,0.0,Post,Sub cuenta,5100,,0.0
5105,1179000.0,1179000.0,0.0,Post,Sub cuenta,5100,,0.0
5109,80000.0,80000.0,0.0,Post,Sub cuenta,5100,,0.0
5110,216000.0,216000.0,0.0,Post,Sub cuenta,5100,,0.0
5113,160000.0,160000.0,0.0,Post,Sub cuenta,5100,,0.0
5120,200000.0,200000.0,0.0,Post,Sub cuenta,5100,,0.0
5197,47500.0,0.0,0.0,Post,Sub cuenta,5100,,47500.0
5201,612000.0,612000.0,0.0,Post,Sub cuenta,5200,,0.0
5202,59000.0,59000.0,0.0,Post,Sub cuenta,5200,,0.0
5203,126000.0,126000.0,0.0,Post,Sub cuenta,5200,,0.0
5207,255000.0,255000.0,0.0,Post,Sub cuenta,5200,,0.0
5209,57600.0,57600.0,0.0,Post,Sub cuenta,5200,,0.0
5221,0.0,22570.0,0.0,Post,Sub cuenta,5200,,-22570.0
5222,734000.0,734000.0,0.0,Post,Sub cuenta,5200,,0.0
5301,80000.0,0.0,0.0,Post,Sub cuenta,5300,,80000.0
5402,100000.0,35000.0,0.0,Post,Sub cuenta,5400,,65000.0
6001,739200.0,739200.0,0.0,Post,Sub cuenta,6000,,0.0
6002,294000.0,294000.0,0.0,Post,Sub cuenta,6000,,0.0
6004,2800000.0,3258413.0100000002,0.0,Post,Sub cuenta,6000,,-458413.01000000024
6101,368000.0,315984.47,0.0,Post,Sub cuenta,6100,,52015.53000000003
6102,240000.0,96000.0,0.0,Post,Sub cuenta,6100,,144000.0
6103,216000.0,0.0,0.0,Post,Sub cuenta,6100,,216000.0
6136,1127850.0,727850.0,0.0,Post,Sub cuenta,6100,,400000.0
6137,-849515.52,0.0,0.0,Post,Sub cuenta,6100,,-849515.52
6149,350000.0,110400.0,0.0,Post,Sub cuenta,6100,,239600.0
7001,149875.0,149875.0,0.0,Others,Sub cuenta,7000,,0.0
7002,68000.0,339733.0,0.0,Others,Sub cuenta,7000,,-271733.0
7003,11643573.8,10574177.83,1069395.9700000011,Others,Sub cuenta,7000,,0.0
7007,464182.0,854182.0,0.0,Others,Sub cuenta,7000,,-390000.0
7008,18700.0,15300.0,0.0,Others,Sub cuenta,7000,,3400.0
7038,296000.0,82842.49799999999,4245.68,Others,Sub cuenta,7000,,208911.82200000001
7050,273000.0,271026.01800000004,0.0,Others,Sub cuenta,7000,,1973.98199999996
7080,8000.0,26339.51,0.0,Others,Sub cuenta,7000,,-18339.51
7094,582177.37,582177.36,0.0,Others,Sub cuenta,7000,,0.010000000009313226
7201,1324376.0,1332744.52,0.0,Others,Sub cuenta,7200,,-8368.520000000019
7216,50000.0,4000.0,0.0,Others,Sub cuenta,7200,,46000.0
7217,111300.0,0.0,0.0,Others,Sub cuenta,7200,,111300.0
7230,0.0,35012.745,0.0,Others,Sub cuenta,7200,,-35012.745
1101-002,0.0,0.0,0.0,Above the Line,Detalle,,,0.0
1101-004,0.0,0.0,0.0,Above the Line,Detalle,,,0.0
1101-005,1400000.0,1400000.0,0.0,Above the Line,Detalle,,DEVELOPMENT,0.0
1101-006,100000.0,100000.03,0.0,Above the Line,Detalle,,DEVELOPMENT,-0.029999999998835847
1101-007,100000.0,100000.0,0.0,Above the Line,Detalle,,DEVELOPMENT,0.0
1101-010,0.0,0.0,0.0,Above the Line,Detalle,,,0.0
1101-011,1400000.0,1400000.0,0.0,Above the Line,Detalle,,DEVELOPMENT,0.0
1101-012,75000.0,75000.0,0.0,Above the Line,Detalle,,DEVELOPMENT,0.0
1101-015,0.0,0.0,0.0,Above the Line,Detalle,,,0.0
1101-016,1400000.0,1400000.0,0.0,Above the Line,Detalle,,DEVELOPMENT,0.0
1101-017,75000.0,75000.0,0.0,Above the Line,Detalle,,DEVELOPMENT,0.0
1101-020,0.0,0.0,0.0,Above the Line,Detalle,,,0.0
1101-021,1400000.0,1400000.0,0.0,Above the Line,Detalle,,DEVELOPMENT,0.0
1101-022,75000.0,75000.0,0.0,Above the Line,Detalle,,DEVELOPMENT,0.0
1101-025,0.0,0.0,0.0,Above the Line,Detalle,,,0.0
1101-026,1400000.0,1399999.9899999998,0.0,Above the Line,Detalle,,DEVELOPMENT,0.01000000024214387
1101-027,75000.0,75000.0,0.0,Above the Line,Detalle,,DEVELOPMENT,0.0
1101-030,0.0,0.0,0.0,Above the Line,Detalle,,,0.0
1101-032,0.0,0.0,0.0,Above the Line,Detalle,,,0.0
1101-033,210000.0,210000.0,0.0,Above the Line,Detalle,,DEVELOPMENT,0.0
1101-036,0.0,0.0,0.0,Above the Line,Detalle,,,0.0
1101-037,210000.0,210000.0,0.0,Above the Line,Detalle,,DEVELOPMENT,0.0
1101-040,0.0,0.0,0.0,Above the Line,Detalle,,,0.0
1101-041,210000.0,210000.0,0.0,Above the Line,Detalle,,DEVELOPMENT,0.0
1101-044,0.0,0.0,0.0,Above the Line,Detalle,,,0.0
1101-045,105000.0,105000.0,0.0,Above the Line,Detalle,,DEVELOPMENT,0.0
1101-046,105000.0,105000.0,0.0,Above the Line,Detalle,,DEVELOPMENT,0.0
1104-002,0.0,0.0,0.0,Above the Line,Detalle,,,0.0
1104-003,150000.0,150000.0,0.0,Above the Line,Detalle,,DEVELOPMENT,0.0
1107-002,0.0,0.0,0.0,Above the Line,Detalle,,,0.0
1107-004,0.0,0.0,0.0,Above the Line,Detalle,,,0.0
1107-005,275000.0,275000.06,0.0,Above the Line,Detalle,,DEVELOPMENT,-0.059999999997671694
1107-008,0.0,0.0,0.0,Above the Line,Detalle,,,0.0
1107-009,275000.0,275000.0,0.0,Above the Line,Detalle,,DEVELOPMENT,0.0
1107-012,0.0,0.0,0.0,Above the Line,Detalle,,,0.0
1107-014,0.0,0.0,0.0,Above the Line,Detalle,,,0.0
1107-015,275000.0,275000.0,0.0,Above the Line,Detalle,,DEVELOPMENT,0.0
1107-018,0.0,0.0,0.0,Above the Line,Detalle,,,0.0
1107-019,275000.0,275000.0,0.0,Above the Line,Detalle,,DEVELOPMENT,0.0
1122-002,0.0,0.0,0.0,Above the Line,Detalle,,,0.0
1122-004,0.0,0.0,0.0,Above the Line,Detalle,,,0.0
1122-005,125000.0,125000.0,0.0,Above the Line,Detalle,,DEVELOPMENT,0.0
1122-008,0.0,0.0,0.0,Above the Line,Detalle,,,0.0
1122-010,0.0,0.0,0.0,Above the Line,Detalle,,,0.0
1122-011,125000.0,125000.0,0.0,Above the Line,Detalle,,DEVELOPMENT,0.0
1193-002,0.0,0.0,0.0,Above the Line,Detalle,,,0.0
1193-003,100000.0,100000.0,0.0,Above the Line,Detalle,,DEVELOPMENT,0.0
1193-006,0.0,0.0,0.0,Above the Line,Detalle,,,0.0
1193-007,125000.0,125000.0,0.0,Above the Line,Detalle,,DEVELOPMENT,0.0
1201-002,0.0,0.0,0.0,Above the Line,Detalle,,,0.0
1201-003,2149560.0,2148994.41,0.0,Above the Line,Detalle,,ALL SHOW,565.589999999851
1201-005,0.0,0.0,0.0,Above the Line,Detalle,,,0.0
1201-006,2149560.0,2149560.0,0.0,Above the Line,Detalle,,ALL SHOW,0.0
1201-008,0.0,0.0,0.0,Above the Line,Detalle,,,0.0
1201-009,1680000.0,1680000.0,0.0,Above the Line,Detalle,,ALL SHOW,0.0
1202-002,0.0,0.0,0.0,Above the Line,Detalle,,,0.0
1202-003,125000.0,125000.0,0.0,Above the Line,Detalle,,SOFT,0.0
1202-004,301500.0,301500.0,0.0,Above the Line,Detalle,,PREP,0.0
1202-005,234500.0,234500.0,0.0,Above the Line,Detalle,,SHOOT,0.0
1202-006,402000.0,402000.0,0.0,Above the Line,Detalle,,WRAP,0.0
1204-002,0.0,0.0,0.0,Above the Line,Detalle,,,0.0
1204-003,210000.0,210000.0,0.0,Above the Line,Detalle,,SOFT,0.0
1204-004,378000.0,378000.0,0.0,Above the Line,Detalle,,PREP,0.0
1204-005,294000.0,294000.0,0.0,Above the Line,Detalle,,SHOOT,0.0
1204-006,168000.0,171750.0,0.0,Above the Line,Detalle,,WRAP,-3750.0
1222-002,0.0,0.0,0.0,Above the Line,Detalle,,,0.0
1222-003,73500.0,73500.0,0.0,Above the Line,Detalle,,PREP,0.0
1222-004,73500.0,75000.0,0.0,Above the Line,Detalle,,SHOOT,-1500.0
1222-007,0.0,0.0,0.0,Above the Line,Detalle,,,0.0
1222-008,50000.0,50000.0,0.0,Above the Line,Detalle,,SOFT,0.0
1222-009,367500.0,367500.0,0.0,Above the Line,Detalle,,ALL SHOW,0.0
1287-002,0.0,0.0,0.0,Above the Line,Detalle,,,0.0
1287-004,0.0,0.0,0.0,Above the Line,Detalle,,,0.0
1287-005,52000.0,46971.340000000004,0.0,Above the Line,Detalle,,ALL SHOW,5028.659999999996
1287-006,91000.0,76753.34,0.0,Above the Line,Detalle,,ALL SHOW,14246.660000000003
1287-007,221000.0,147313.22,0.0,Above the Line,Detalle,,ALL SHOW,73686.78
1287-010,0.0,0.0,0.0,Above the Line,Detalle,,,0.0
1287-011,117000.0,117000.0,0.0,Above the Line,Detalle,,ALL SHOW,0.0
1287-012,91000.0,91000.0,0.0,Above the Line,Detalle,,ALL SHOW,0.0
1287-013,221000.0,221000.0,0.0,Above the Line,Detalle,,ALL SHOW,0.0
1301-002,0.0,0.0,0.0,Above the Line,Detalle,,,0.0
1301-003,462000.0,483666.66,0.0,Above the Line,Detalle,,SHOOT,-21666.659999999974
1301-004,31136.0,58196.200000000004,0.0,Above the Line,Detalle,,SHOOT,-27060.200000000004
1301-005,6672.0,8770.7,0.0,Above the Line,Detalle,,SHOOT,-2098.7000000000007
1301-006,31136.0,55586.979999999996,0.0,Above the Line,Detalle,,SHOOT,-24450.979999999996
1301-007,4200.0,6927.13,0.0,Above the Line,Detalle,,SHOOT,-2727.13
1301-010,0.0,0.0,0.0,Above the Line,Detalle,,,0.0
1301-011,462000.0,462000.0,0.0,Above the Line,Detalle,,SHOOT,0.0
1301-012,31136.0,53694.54,0.0,Above the Line,Detalle,,SHOOT,-22558.54
1301-013,6672.0,4990.18,0.0,Above the Line,Detalle,,SHOOT,1681.8199999999997
1301-014,31136.0,43303.630000000005,0.0,Above the Line,Detalle,,SHOOT,-12167.630000000005
1301-015,4200.0,18278.14,0.0,Above the Line,Detalle,,SHOOT,-14078.14
1301-018,0.0,0.0,0.0,Above the Line,Detalle,,,0.0
1301-019,462000.0,462000.0,0.0,Above the Line,Detalle,,SHOOT,0.0
1301-020,31136.0,0.0,0.0,Above the Line,Detalle,,SHOOT,31136.0
1301-021,6672.0,0.0,0.0,Above the Line,Detalle,,SHOOT,6672.0
1301-022,31136.0,0.0,0.0,Above the Line,Detalle,,SHOOT,31136.0
1301-023,4200.0,0.0,0.0,Above the Line,Detalle,,SHOOT,4200.0
1301-026,0.0,0.0,0.0,Above the Line,Detalle,,,0.0
1301-027,462000.0,462000.0,0.0,Above the Line,Detalle,,SHOOT,0.0
1301-028,15568.0,5829.94,0.0,Above the Line,Detalle,,SHOOT,9738.060000000001
1301-029,4448.0,5829.94,0.0,Above the Line,Detalle,,SHOOT,-1381.9399999999996
1301-030,15568.0,5829.94,0.0,Above the Line,Detalle,,SHOOT,9738.060000000001
1301-031,2100.0,23632.34,0.0,Above the Line,Detalle,,SHOOT,-21532.34
1301-034,0.0,0.0,0.0,Above the Line,Detalle,,,0.0
1301-035,0.0,0.0,0.0,Above the Line,Detalle,,SHOOT,0.0
1301-036,15568.0,5829.94,0.0,Above the Line,Detalle,,SHOOT,9738.060000000001
1301-037,0.0,5829.94,0.0,Above the Line,Detalle,,SHOOT,-5829.94
1301-038,15568.0,5829.94,0.0,Above the Line,Detalle,,SHOOT,9738.060000000001
1301-039,2100.0,5829.94,0.0,Above the Line,Detalle,,SHOOT,-3729.9399999999996
1302-002,0.0,0.0,0.0,Above the Line,Detalle,,,0.0
1302-003,65000.0,65000.0,0.0,Above the Line,Detalle,,2nd Unit,0.0
1302-004,130000.0,130000.0,0.0,Above the Line,Detalle,,2nd Unit,0.0
1302-005,26688.0,91881.68999999999,0.0,Above the Line,Detalle,,2nd Unit,-65193.68999999999
1302-006,6672.0,14500.46,0.0,Above the Line,Detalle,,2nd Unit,-7828.459999999999
1302-007,26688.0,77504.26,0.0,Above the Line,Detalle,,2nd Unit,-50816.259999999995
1302-008,4200.0,22108.04,0.0,Above the Line,Detalle,,2nd Unit,-17908.04
1320-002,0.0,0.0,0.0,Above the Line,Detalle,,,0.0
1320-003,75000.0,79000.0,0.0,Above the Line,Detalle,,SHOOT,-4000.0
1387-002,0.0,0.0,0.0,Above the Line,Detalle,,,0.0
1387-003,21600.0,0.0,0.0,Above the Line,Detalle,,PREP,21600.0
1387-004,151200.0,0.0,0.0,Above the Line,Detalle,,SHOOT,151200.0
1387-005,0.0,0.0,0.0,Above the Line,Detalle,,WRAP,0.0
1387-008,0.0,0.0,0.0,Above the Line,Detalle,,,0.0
1387-009,10800.0,0.0,0.0,Above the Line,Detalle,,2nd Unit,10800.0
1387-010,21600.0,0.0,0.0,Above the Line,Detalle,,2nd Unit,21600.0
1399-001,132743.88,0.0,0.0,Above the Line,Detalle,,Fringes,132743.88
1401-002,1848000.0,1848000.0,0.0,Above the Line,Detalle,,SHOOT,0.0
1401-003,127998.0,176705.58000000002,0.0,Above the Line,Detalle,,SHOOT,-48707.580000000016
1401-004,0.0,0.0,0.0,Above the Line,Detalle,,SHOOT,0.0
1401-005,0.0,0.0,0.0,Above the Line,Detalle,,SHOOT,0.0
1401-006,22974.0,30363.4,0.0,Above the Line,Detalle,,SHOOT,-7389.4000000000015
1401-007,39384.0,101882.51,0.0,Above the Line,Detalle,,SHOOT,-62498.509999999995
1401-008,14700.0,0.0,0.0,Above the Line,Detalle,,SHOOT,14700.0
1401-011,1000000.0,1000000.0,0.0,Above the Line,Detalle,,SHOOT,0.0
1401-012,118152.0,209879.56,0.0,Above the Line,Detalle,,SHOOT,-91727.56
1401-013,0.0,0.0,0.0,Above the Line,Detalle,,SHOOT,0.0
1401-014,0.0,0.0,0.0,Above the Line,Detalle,,SHOOT,0.0
1401-015,22974.0,35066.58,0.0,Above the Line,Detalle,,SHOOT,-12092.580000000002
1401-016,36102.0,123218.70999999999,0.0,Above the Line,Detalle,,SHOOT,-87116.70999999999
1401-017,14700.0,0.0,0.0,Above the Line,Detalle,,SHOOT,14700.0
1401-020,210000.0,183747.9,0.0,Above the Line,Detalle,,SHOOT,26252.100000000006
1401-021,96852.0,200330.51,0.0,Above the Line,Detalle,,SHOOT,-103478.51000000001
1401-022,0.0,0.0,0.0,Above the Line,Detalle,,SHOOT,0.0
1401-023,0.0,0.0,0.0,Above the Line,Detalle,,SHOOT,0.0
1401-024,32284.0,39558.020000000004,0.0,Above the Line,Detalle,,SHOOT,-7274.020000000004
1401-025,32284.0,95278.22,0.0,Above the Line,Detalle,,SHOOT,-62994.22
1401-026,14700.0,0.0,0.0,Above the Line,Detalle,,SHOOT,14700.0
1401-029,252000.0,251993.7,0.0,Above the Line,Detalle,,SHOOT,6.2999999999883585
1401-030,98460.0,158354.8,0.0,Above the Line,Detalle,,SHOOT,-59894.79999999999
1401-031,22974.0,30363.4,0.0,Above the Line,Detalle,,SHOOT,-7389.4000000000015
1401-032,49230.0,148991.91999999998,0.0,Above the Line,Detalle,,SHOOT,-99761.91999999998
1401-033,14700.0,0.0,0.0,Above the Line,Detalle,,SHOOT,14700.0
1401-036,252000.0,252000.0,0.0,Above the Line,Detalle,,SHOOT,0.0
1401-037,88614.0,158354.8,0.0,Above the Line,Detalle,,SHOOT,-69740.79999999999
1401-038,22974.0,30363.4,0.0,Above the Line,Detalle,,SHOOT,-7389.4000000000015
1401-039,42666.0,44955.22,0.0,Above the Line,Detalle,,SHOOT,-2289.220000000001
1401-040,14700.0,0.0,0.0,Above the Line,Detalle,,SHOOT,14700.0
1401-043,228375.0,456750.0,0.0,Above the Line,Detalle,,SHOOT,-228375.0
1401-044,13128.0,0.0,0.0,Above the Line,Detalle,,SHOOT,13128.0
1401-045,3282.0,0.0,0.0,Above the Line,Detalle,,SHOOT,3282.0
1401-046,3282.0,0.0,0.0,Above the Line,Detalle,,SHOOT,3282.0
1401-047,1500.0,0.0,0.0,Above the Line,Detalle,,SHOOT,1500.0
1401-050,441000.0,441000.0,0.0,Above the Line,Detalle,,SHOOT,0.0
1401-051,26256.0,90943.56999999999,0.0,Above the Line,Detalle,,SHOOT,-64687.56999999999
1401-052,3282.0,4500.84,0.0,Above the Line,Detalle,,SHOOT,-1218.8400000000001
1401-053,0.0,61061.75,0.0,Above the Line,Detalle,,SHOOT,-61061.75
1401-054,3900.0,0.0,0.0,Above the Line,Detalle,,SHOOT,3900.0
1401-057,199500.0,199500.0,0.0,Above the Line,Detalle,,SHOOT,0.0
1401-058,36102.0,125131.56,0.0,Above the Line,Detalle,,SHOOT,-89029.56
1401-059,6564.0,19222.2,0.0,Above the Line,Detalle,,SHOOT,-12658.2
1401-060,0.0,12307.8,0.0,Above the Line,Detalle,,SHOOT,-12307.8
1401-061,3900.0,0.0,0.0,Above the Line,Detalle,,SHOOT,3900.0
1401-064,483000.0,483000.0,0.0,Above the Line,Detalle,,SHOOT,0.0
1401-065,26256.0,93668.59,0.0,Above the Line,Detalle,,SHOOT,-67412.59
1401-066,13128.0,8181.18,0.0,Above the Line,Detalle,,SHOOT,4946.82
1401-067,0.0,15589.880000000001,0.0,Above the Line,Detalle,,SHOOT,-15589.880000000001
1401-068,3600.0,0.0,0.0,Above the Line,Detalle,,SHOOT,3600.0
1401-071,960000.0,976250.0,0.0,Above the Line,Detalle,,SHOOT,-16250.0
1401-072,124524.0,0.0,0.0,Above the Line,Detalle,,SHOOT,124524.0
1401-075,416000.0,416000.0,0.0,Above the Line,Detalle,,SHOOT,0.0
1401-076,68922.0,187934.91,0.0,Above the Line,Detalle,,SHOOT,-119012.91
1401-077,22974.0,25862.56,0.0,Above the Line,Detalle,,SHOOT,-2888.5600000000013
1401-078,19692.0,70897.13,0.0,Above the Line,Detalle,,SHOOT,-51205.130000000005
1401-079,14700.0,0.0,0.0,Above the Line,Detalle,,SHOOT,14700.0
1403-002,236250.0,236250.0,0.0,Above the Line,Detalle,,SHOOT,0.0
1403-003,22974.0,44164.08,0.0,Above the Line,Detalle,,SHOOT,-21190.08
1403-004,0.0,0.0,0.0,Above the Line,Detalle,,SHOOT,0.0
1403-005,0.0,2051.3,0.0,Above the Line,Detalle,,SHOOT,-2051.3
1403-006,0.0,0.0,0.0,Above the Line,Detalle,,SHOOT,0.0
1403-009,94500.0,94500.0,0.0,Above the Line,Detalle,,SHOOT,0.0
1403-010,16410.0,22182.22,0.0,Above the Line,Detalle,,SHOOT,-5772.220000000001
1403-011,0.0,4500.84,0.0,Above the Line,Detalle,,SHOOT,-4500.84
1403-012,0.0,18944.64,0.0,Above the Line,Detalle,,SHOOT,-18944.64
1403-013,2100.0,0.0,0.0,Above the Line,Detalle,,SHOOT,2100.0
1403-016,61678.32,58800.0,0.0,Above the Line,Detalle,,SHOOT,2878.3199999999997
1403-017,16410.0,18501.88,0.0,Above the Line,Detalle,,SHOOT,-2091.880000000001
1403-018,0.0,0.0,0.0,Above the Line,Detalle,,SHOOT,0.0
1403-019,0.0,19792.66,0.0,Above the Line,Detalle,,SHOOT,-19792.66
1403-020,0.0,0.0,0.0,Above the Line,Detalle,,SHOOT,0.0
1403-023,94500.0,63000.0,0.0,Above the Line,Detalle,,SHOOT,31500.0
1403-024,39384.0,76542.33,0.0,Above the Line,Detalle,,SHOOT,-37158.33
1403-025,0.0,0.0,0.0,Above the Line,Detalle,,SHOOT,0.0
1403-026,19692.0,28852.7,0.0,Above the Line,Detalle,,SHOOT,-9160.7
1403-027,0.0,0.0,0.0,Above the Line,Detalle,,SHOOT,0.0
1403-030,105000.0,131250.0,0.0,Above the Line,Detalle,,SHOOT,-26250.0
1403-031,16410.0,42595.450000000004,0.0,Above the Line,Detalle,,SHOOT,-26185.450000000004
1403-032,13128.0,0.0,0.0,Above the Line,Detalle,,SHOOT,13128.0
1403-033,0.0,18798.02,0.0,Above the Line,Detalle,,SHOOT,-18798.02
1403-034,2700.0,0.0,0.0,Above the Line,Detalle,,SHOOT,2700.0
1403-037,25200.0,21000.0,0.0,Above the Line,Detalle,,SHOOT,4200.0
1403-038,19692.0,0.0,0.0,Above the Line,Detalle,,SHOOT,19692.0
1403-039,0.0,0.0,0.0,Above the Line,Detalle,,SHOOT,0.0
1403-040,0.0,0.0,0.0,Above the Line,Detalle,,SHOOT,0.0
1403-041,0.0,0.0,0.0,Above the Line,Detalle,,SHOOT,0.0
1403-044,16800.0,16800.0,0.0,Above the Line,Detalle,,SHOOT,0.0
1403-045,19692.0,0.0,0.0,Above the Line,Detalle,,SHOOT,19692.0
1403-046,0.0,0.0,0.0,Above the Line,Detalle,,SHOOT,0.0
1403-047,0.0,0.0,0.0,Above the Line,Detalle,,SHOOT,0.0
1403-048,0.0,0.0,0.0,Above the Line,Detalle,,SHOOT,0.0
1403-051,12600.0,50400.0,0.0,Above the Line,Detalle,,SHOOT,-37800.0
1403-052,22974.0,21929.28,0.0,Above the Line,Detalle,,SHOOT,1044.7200000000012
1403-053,0.0,0.0,0.0,Above the Line,Detalle,,SHOOT,0.0
1403-054,0.0,8579.6,0.0,Above the Line,Detalle,,SHOOT,-8579.6
1403-055,0.0,0.0,0.0,Above the Line,Detalle,,SHOOT,0.0
1403-058,12600.0,50400.0,0.0,Above the Line,Detalle,,SHOOT,-37800.0
1403-059,22974.0,25762.38,0.0,Above the Line,Detalle,,SHOOT,-2788.380000000001
1403-060,0.0,0.0,0.0,Above the Line,Detalle,,SHOOT,0.0
1403-061,0.0,41025.119999999995,0.0,Above the Line,Detalle,,SHOOT,-41025.119999999995
1403-062,0.0,0.0,0.0,Above the Line,Detalle,,SHOOT,0.0
1403-065,69300.0,66000.0,0.0,Above the Line,Detalle,,SHOOT,3300.0
1403-066,29538.0,58834.520000000004,0.0,Above the Line,Detalle,,SHOOT,-29296.520000000004
1403-067,0.0,0.0,0.0,Above the Line,Detalle,,SHOOT,0.0
1403-068,16410.0,16404.4,0.0,Above the Line,Detalle,,SHOOT,5.599999999998545
1403-069,0.0,0.0,0.0,Above the Line,Detalle,,SHOOT,0.0
1403-072,20000.0,28400.0,0.0,Above the Line,Detalle,,SHOOT,-8400.0
1403-073,19692.0,29442.72,0.0,Above the Line,Detalle,,SHOOT,-9750.720000000001
1403-074,19692.0,7551.93,0.0,Above the Line,Detalle,,SHOOT,12140.07
1403-075,0.0,6974.42,0.0,Above the Line,Detalle,,SHOOT,-6974.42
1403-076,0.0,0.0,0.0,Above the Line,Detalle,,SHOOT,0.0
1403-079,38850.0,77700.0,0.0,Above the Line,Detalle,,SHOOT,-38850.0
1403-080,9846.0,0.0,0.0,Above the Line,Detalle,,SHOOT,9846.0
1403-081,0.0,0.0,0.0,Above the Line,Detalle,,SHOOT,0.0
1403-082,0.0,0.0,0.0,Above the Line,Detalle,,SHOOT,0.0
1403-083,0.0,0.0,0.0,Above the Line,Detalle,,SHOOT,0.0
1403-086,84000.0,84000.0,0.0,Above the Line,Detalle,,SHOOT,0.0
1403-087,16410.0,0.0,0.0,Above the Line,Detalle,,SHOOT,16410.0
1403-088,19692.0,0.0,0.0,Above the Line,Detalle,,SHOOT,19692.0
1403-089,0.0,0.0,0.0,Above the Line,Detalle,,SHOOT,0.0
1403-090,3300.0,0.0,0.0,Above the Line,Detalle,,SHOOT,3300.0
1404-002,0.0,0.0,0.0,Above the Line,Detalle,,,0.0
1404-004,0.0,0.0,0.0,Above the Line,Detalle,,,0.0
1404-005,100000.0,79165.0,0.0,Above the Line,Detalle,,ALL SHOW,20835.0
1404-006,65640.0,28150.31,0.0,Above the Line,Detalle,,ALL SHOW,37489.69
1404-009,0.0,0.0,0.0,Above the Line,Detalle,,,0.0
1404-010,46800.0,0.0,0.0,Above the Line,Detalle,,SHOOT,46800.0
1404-011,42666.0,0.0,0.0,Above the Line,Detalle,,SHOOT,42666.0
1406-002,0.0,0.0,0.0,Above the Line,Detalle,,,0.0
1406-003,9000.0,0.0,0.0,Above the Line,Detalle,,PREP,9000.0
1406-004,9150.0,18375.61,0.0,Above the Line,Detalle,,SHOOT,-9225.61
1406-005,64050.0,107820.79,0.0,Above the Line,Detalle,,SHOOT,-43770.78999999999
1406-006,64050.0,148188.83,0.0,Above the Line,Detalle,,SHOOT,-84138.82999999999
1406-009,0.0,0.0,0.0,Above the Line,Detalle,,,0.0
1406-010,9000.0,0.0,0.0,Above the Line,Detalle,,2nd Unit,9000.0
1406-011,4575.0,0.0,0.0,Above the Line,Detalle,,2nd Unit,4575.0
1406-012,18300.0,0.0,0.0,Above the Line,Detalle,,2nd Unit,18300.0
1406-013,18300.0,0.0,0.0,Above the Line,Detalle,,2nd Unit,18300.0
1410-002,0.0,0.0,0.0,Above the Line,Detalle,,,0.0
1410-003,0.0,0.0,0.0,Above the Line,Detalle,,,0.0
1410-004,132000.0,108000.0,0.0,Above the Line,Detalle,,PREP,24000.0
1410-005,60000.0,103154.0,0.0,Above the Line,Detalle,,PREP,-43154.0
1410-006,11844.0,5436.0,0.0,Above the Line,Detalle,,SHOOT,6408.0
1410-007,13128.0,0.0,0.0,Above the Line,Detalle,,SHOOT,13128.0
1410-008,71688.0,131796.0,0.0,Above the Line,Detalle,,SHOOT,-60108.0
1410-009,26256.0,161207.48,0.0,Above the Line,Detalle,,SHOOT,-134951.48
1410-010,6564.0,36176.91,0.0,Above the Line,Detalle,,SHOOT,-29612.910000000003
1410-011,29538.0,42388.93,0.0,Above the Line,Detalle,,SHOOT,-12850.93
1410-012,2400.0,0.0,0.0,Above the Line,Detalle,,SHOOT,2400.0
1410-015,0.0,0.0,0.0,Above the Line,Detalle,,,0.0
1410-016,0.0,0.0,0.0,Above the Line,Detalle,,,0.0
1410-017,49000.0,0.0,0.0,Above the Line,Detalle,,PREP,49000.0
1410-018,35000.0,0.0,0.0,Above the Line,Detalle,,PREP,35000.0
1410-019,1844.0,0.0,0.0,Above the Line,Detalle,,SHOOT,1844.0
1410-020,12156.0,0.0,0.0,Above the Line,Detalle,,SHOOT,12156.0
1410-021,31688.0,40000.0,0.0,Above the Line,Detalle,,SHOOT,-8312.0
1410-022,24312.0,55305.28,0.0,Above the Line,Detalle,,SHOOT,-30993.28
1410-023,6078.0,9101.86,0.0,Above the Line,Detalle,,SHOOT,-3023.8600000000006
1410-024,12156.0,22951.47,0.0,Above the Line,Detalle,,SHOOT,-10795.470000000001
1410-025,2400.0,0.0,0.0,Above the Line,Detalle,,SHOOT,2400.0
1411-002,0.0,0.0,0.0,Above the Line,Detalle,,,0.0
1411-004,0.0,0.0,0.0,Above the Line,Detalle,,,0.0
1411-005,0.0,0.0,0.0,Above the Line,Detalle,,,0.0
1411-006,6000.0,0.0,0.0,Above the Line,Detalle,,PREP,6000.0
1411-007,18000.0,24616.0,0.0,Above the Line,Detalle,,SHOOT,-6616.0
1411-008,9846.0,0.0,0.0,Above the Line,Detalle,,SHOOT,9846.0
1411-011,0.0,0.0,0.0,Above the Line,Detalle,,,0.0
1411-012,0.0,0.0,0.0,Above the Line,Detalle,,,0.0
1411-013,6000.0,0.0,0.0,Above the Line,Detalle,,PREP,6000.0
1411-014,6000.0,0.0,0.0,Above the Line,Detalle,,SHOOT,6000.0
1411-015,3282.0,0.0,0.0,Above the Line,Detalle,,SHOOT,3282.0
1411-018,0.0,0.0,0.0,Above the Line,Detalle,,,0.0
1411-019,0.0,0.0,0.0,Above the Line,Detalle,,,0.0
1411-020,28000.0,0.0,0.0,Above the Line,Detalle,,PREP,28000.0
1411-021,1844.0,0.0,0.0,Above the Line,Detalle,,SHOOT,1844.0
1411-022,12156.0,0.0,0.0,Above the Line,Detalle,,SHOOT,12156.0
1411-023,10000.0,10000.0,0.0,Above the Line,Detalle,,SHOOT,0.0
1411-024,10000.0,10000.0,0.0,Above the Line,Detalle,,SHOOT,0.0
1411-025,7922.0,9026.0,0.0,Above the Line,Detalle,,SHOOT,-1104.0
1411-026,6564.0,14721.36,0.0,Above the Line,Detalle,,SHOOT,-8157.360000000001
1411-027,0.0,9846.0,0.0,Above the Line,Detalle,,SHOOT,-9846.0
1411-028,1800.0,0.0,0.0,Above the Line,Detalle,,SHOOT,1800.0
1411-031,0.0,0.0,0.0,Above the Line,Detalle,,,0.0
1411-032,0.0,0.0,0.0,Above the Line,Detalle,,,0.0
1411-033,14000.0,12244.0,0.0,Above the Line,Detalle,,PREP,1756.0
1411-034,1844.0,0.0,0.0,Above the Line,Detalle,,SHOOT,1844.0
1411-035,13128.0,0.0,0.0,Above the Line,Detalle,,SHOOT,13128.0
1411-036,0.0,0.0,0.0,Above the Line,Detalle,,SHOOT,0.0
1411-037,0.0,0.0,0.0,Above the Line,Detalle,,SHOOT,0.0
1411-038,7922.0,7654.0,0.0,Above the Line,Detalle,,SHOOT,268.0
1411-039,6564.0,0.0,0.0,Above the Line,Detalle,,SHOOT,6564.0
1411-040,0.0,0.0,0.0,Above the Line,Detalle,,SHOOT,0.0
1411-041,1200.0,0.0,0.0,Above the Line,Detalle,,SHOOT,1200.0
1411-044,0.0,0.0,0.0,Above the Line,Detalle,,,0.0
1411-045,0.0,0.0,0.0,Above the Line,Detalle,,,0.0
1411-046,6000.0,0.0,0.0,Above the Line,Detalle,,PREP,6000.0
1411-047,36000.0,35552.0,0.0,Above the Line,Detalle,,SHOOT,448.0
1411-048,19692.0,0.0,0.0,Above the Line,Detalle,,SHOOT,19692.0
1411-051,0.0,0.0,0.0,Above the Line,Detalle,,,0.0
1411-052,0.0,0.0,0.0,Above the Line,Detalle,,,0.0
1411-053,7000.0,0.0,0.0,Above the Line,Detalle,,PREP,7000.0
1411-054,1844.0,0.0,0.0,Above the Line,Detalle,,SHOOT,1844.0
1411-055,12156.0,0.0,0.0,Above the Line,Detalle,,SHOOT,12156.0
1411-056,0.0,0.0,0.0,Above the Line,Detalle,,SHOOT,0.0
1411-057,0.0,0.0,0.0,Above the Line,Detalle,,SHOOT,0.0
1411-058,7922.0,4154.0,0.0,Above the Line,Detalle,,SHOOT,3768.0
1411-059,6078.0,0.0,0.0,Above the Line,Detalle,,SHOOT,6078.0
1411-060,6078.0,0.0,0.0,Above the Line,Detalle,,SHOOT,6078.0
1411-061,900.0,0.0,0.0,Above the Line,Detalle,,SHOOT,900.0
1411-064,0.0,0.0,0.0,Above the Line,Detalle,,,0.0
1411-065,0.0,0.0,0.0,Above the Line,Detalle,,,0.0
1411-066,7000.0,0.0,0.0,Above the Line,Detalle,,PREP,7000.0
1411-067,1844.0,0.0,0.0,Above the Line,Detalle,,SHOOT,1844.0
1411-068,12156.0,0.0,0.0,Above the Line,Detalle,,SHOOT,12156.0
1411-069,0.0,0.0,0.0,Above the Line,Detalle,,SHOOT,0.0
1411-070,0.0,0.0,0.0,Above the Line,Detalle,,SHOOT,0.0
1411-071,7922.0,0.0,0.0,Above the Line,Detalle,,SHOOT,7922.0
1411-072,6078.0,0.0,0.0,Above the Line,Detalle,,SHOOT,6078.0
1411-073,6078.0,0.0,0.0,Above the Line,Detalle,,SHOOT,6078.0
1411-074,900.0,0.0,0.0,Above the Line,Detalle,,SHOOT,900.0
1411-077,0.0,0.0,0.0,Above the Line,Detalle,,,0.0
1411-078,0.0,0.0,0.0,Above the Line,Detalle,,,0.0
1411-079,3000.0,0.0,0.0,Above the Line,Detalle,,PREP,3000.0
1411-080,6000.0,0.0,0.0,Above the Line,Detalle,,SHOOT,6000.0
1411-081,3282.0,0.0,0.0,Above the Line,Detalle,,SHOOT,3282.0
1412-002,0.0,0.0,0.0,Above the Line,Detalle,,,0.0
1412-003,42000.0,0.0,0.0,Above the Line,Detalle,,SHOOT,42000.0
1412-006,0.0,0.0,0.0,Above the Line,Detalle,,,0.0
1412-007,8000.0,0.0,0.0,Above the Line,Detalle,,SHOOT,8000.0
1412-010,0.0,0.0,0.0,Above the Line,Detalle,,,0.0
1412-011,8000.0,0.0,0.0,Above the Line,Detalle,,SHOOT,8000.0
1412-014,0.0,0.0,0.0,Above the Line,Detalle,,,0.0
1412-015,4000.0,0.0,0.0,Above the Line,Detalle,,SHOOT,4000.0
1412-018,0.0,0.0,0.0,Above the Line,Detalle,,,0.0
1412-019,6000.0,0.0,0.0,Above the Line,Detalle,,SHOOT,6000.0
1412-022,0.0,0.0,0.0,Above the Line,Detalle,,,0.0
1412-023,2000.0,0.0,0.0,Above the Line,Detalle,,SHOOT,2000.0
1412-026,0.0,0.0,0.0,Above the Line,Detalle,,,0.0
1412-027,2000.0,0.0,0.0,Above the Line,Detalle,,SHOOT,2000.0
1412-030,0.0,0.0,0.0,Above the Line,Detalle,,,0.0
1412-031,6000.0,0.0,0.0,Above the Line,Detalle,,SHOOT,6000.0
1412-033,0.0,0.0,0.0,Above the Line,Detalle,,SHOOT,0.0
1413-002,0.0,0.0,0.0,Above the Line,Detalle,,,0.0
1413-003,63000.0,63000.0,0.0,Above the Line,Detalle,,PREP,0.0
1413-004,140000.0,140000.0,0.0,Above the Line,Detalle,,SHOOT,0.0
1413-007,0.0,0.0,0.0,Above the Line,Detalle,,,0.0
1413-008,3500.0,10500.0,0.0,Above the Line,Detalle,,PREP,-7000.0
1413-011,0.0,0.0,0.0,Above the Line,Detalle,,,0.0
1413-012,37500.0,0.0,0.0,Above the Line,Detalle,,PREP,37500.0
1413-015,0.0,0.0,0.0,Above the Line,Detalle,,,0.0
1413-016,2100.0,2100.0,0.0,Above the Line,Detalle,,PREP,0.0
1413-019,0.0,0.0,0.0,Above the Line,Detalle,,,0.0
1413-020,2100.0,2100.0,0.0,Above the Line,Detalle,,PREP,0.0
1413-023,0.0,0.0,0.0,Above the Line,Detalle,,,0.0
1413-024,2800.0,9200.0,0.0,Above the Line,Detalle,,PREP,-6400.0
1413-027,0.0,0.0,0.0,Above the Line,Detalle,,,0.0
1413-028,2100.0,2100.0,0.0,Above the Line,Detalle,,PREP,0.0
1413-031,0.0,0.0,0.0,Above the Line,Detalle,,,0.0
1413-032,56000.0,3300.0,0.0,Above the Line,Detalle,,SHOOT,52700.0
1420-002,0.0,0.0,0.0,Above the Line,Detalle,,,0.0
1420-003,381225.0,381243.0,0.0,Above the Line,Detalle,,ALL SHOW,-18.0
1426-002,0.0,0.0,0.0,Above the Line,Detalle,,,0.0
1426-003,6384.0,7661.39,0.0,Above the Line,Detalle,,PREP,-1277.3900000000003
1426-006,0.0,0.0,0.0,Above the Line,Detalle,,,0.0
1426-007,6477.0,5681.0,0.0,Above the Line,Detalle,,PREP,796.0
1426-008,1218.0,969.9230000000001,0.0,Above the Line,Detalle,,PREP,248.07699999999988
1426-009,870.0,870.0,0.0,Above the Line,Detalle,,PREP,0.0
1426-010,11419.0,2030.304,0.0,Above the Line,Detalle,,PREP,9388.696
1426-013,0.0,0.0,0.0,Above the Line,Detalle,,,0.0
1426-014,7500.0,7646.04,0.0,Above the Line,Detalle,,PREP,-146.03999999999996
1480-002,0.0,0.0,0.0,Above the Line,Detalle,,,0.0
1480-003,70000.0,70000.0,0.0,Above the Line,Detalle,,ALL SHOW,0.0
1480-006,0.0,0.0,0.0,Above the Line,Detalle,,,0.0
1480-007,40000.0,0.0,0.0,Above the Line,Detalle,,PREP,40000.0
1480-010,0.0,0.0,0.0,Above the Line,Detalle,,,0.0
1480-011,60000.0,0.0,0.0,Above the Line,Detalle,,PREP,60000.0
1487-002,0.0,0.0,0.0,Above the Line,Detalle,,,0.0
1487-003,8000.0,7577.139999999999,0.0,Above the Line,Detalle,,PREP,422.8600000000006
1499-001,818091.0300000001,1649770.708,0.0,Above the Line,Detalle,,Fringes,-831679.678
1620-002,0.0,0.0,0.0,Above the Line,Detalle,,,0.0
1620-003,54000.0,58308.34,0.0,Above the Line,Detalle,,ALL SHOW,-4308.3399999999965
1620-004,54000.0,38451.84,0.0,Above the Line,Detalle,,ALL SHOW,15548.160000000003
1621-002,0.0,0.0,0.0,Above the Line,Detalle,,,0.0
1621-003,80000.0,105526.82,0.0,Above the Line,Detalle,,ALL SHOW,-25526.820000000007
1621-004,20000.0,8400.0,0.0,Above the Line,Detalle,,ALL SHOW,11600.0
1621-007,0.0,0.0,0.0,Above the Line,Detalle,,,0.0
1621-008,80000.0,100000.0,0.0,Above the Line,Detalle,,ALL SHOW,-20000.0
1621-009,20000.0,0.0,0.0,Above the Line,Detalle,,ALL SHOW,20000.0
1621-012,0.0,0.0,0.0,Above the Line,Detalle,,,0.0
1621-013,29344.44,137586.21,0.0,Above the Line,Detalle,,ALL SHOW,-108241.76999999999
1630-002,0.0,0.0,0.0,Above the Line,Detalle,,,0.0
1630-004,0.0,0.0,0.0,Above the Line,Detalle,,,0.0
1630-005,5000.0,3696.57,0.0,Above the Line,Detalle,,ALL SHOW,1303.4299999999998
1630-006,5000.0,2877.6,0.0,Above the Line,Detalle,,ALL SHOW,2122.4
1630-009,0.0,0.0,0.0,Above the Line,Detalle,,,0.0
1630-010,5000.0,0.0,0.0,Above the Line,Detalle,,ALL SHOW,5000.0
1630-011,5000.0,5510.81,0.0,Above the Line,Detalle,,ALL SHOW,-510.8100000000004
1630-014,0.0,0.0,0.0,Above the Line,Detalle,,,0.0
1630-015,5000.0,3707.7400000000002,0.0,Above the Line,Detalle,,ALL SHOW,1292.2599999999998
1630-016,5000.0,0.0,0.0,Above the Line,Detalle,,ALL SHOW,5000.0
1630-019,0.0,0.0,0.0,Above the Line,Detalle,,,0.0
1630-020,5000.0,9070.41,0.0,Above the Line,Detalle,,ALL SHOW,-4070.41
1630-021,5000.0,0.0,0.0,Above the Line,Detalle,,ALL SHOW,5000.0
1630-024,0.0,0.0,0.0,Above the Line,Detalle,,,0.0
1630-025,5000.0,4143.56,0.0,Above the Line,Detalle,,2nd Unit,856.4399999999996
1630-026,5000.0,0.0,0.0,Above the Line,Detalle,,2nd Unit,5000.0
1631-002,0.0,0.0,0.0,Above the Line,Detalle,,,0.0
1631-003,12600.0,0.0,0.0,Above the Line,Detalle,,PREP,12600.0
1631-004,44100.0,5745.03,0.0,Above the Line,Detalle,,SHOOT,38354.97
1631-007,0.0,0.0,0.0,Above the Line,Detalle,,,0.0
1631-008,6300.0,0.0,0.0,Above the Line,Detalle,,2nd Unit,6300.0
1631-009,12600.0,0.0,0.0,Above the Line,Detalle,,2nd Unit,12600.0
1631-012,0.0,0.0,0.0,Above the Line,Detalle,,,0.0
1631-013,14672.22,20000.0,0.0,Above the Line,Detalle,,ALL SHOW,-5327.780000000001
1631-016,0.0,0.0,0.0,Above the Line,Detalle,,,0.0
1631-017,4800.0,0.0,0.0,Above the Line,Detalle,,ALL SHOW,4800.0
1640-002,0.0,0.0,0.0,Above the Line,Detalle,,,0.0
1640-003,24000.0,28789.510000000002,0.0,Above the Line,Detalle,,ALL SHOW,-4789.510000000002
1640-004,24000.0,1682.75,0.0,Above the Line,Detalle,,ALL SHOW,22317.25
1640-005,21441.63,27874.119000000002,0.0,Above the Line,Detalle,,ALL SHOW,-6432.489000000001
1640-008,0.0,0.0,0.0,Above the Line,Detalle,,,0.0
1640-009,140000.0,118573.644,0.0,Above the Line,Detalle,,ALL SHOW,21426.356
1641-002,0.0,0.0,0.0,Above the Line,Detalle,,,0.0
1641-003,208000.0,232790.33,0.0,Above the Line,Detalle,,ALL SHOW,-24790.329999999987
1641-004,80000.0,39900.0,0.0,Above the Line,Detalle,,ALL SHOW,40100.0
1641-007,0.0,0.0,0.0,Above the Line,Detalle,,,0.0
1641-008,100800.0,106770.72,0.0,Above the Line,Detalle,,ALL SHOW,-5970.720000000001
1641-011,0.0,0.0,0.0,Above the Line,Detalle,,,0.0
1641-012,12000.0,10963.88,0.0,Above the Line,Detalle,,ALL SHOW,1036.1200000000008
1641-015,0.0,0.0,0.0,Above the Line,Detalle,,,0.0
1641-016,134117.58,23537.37,0.0,Above the Line,Detalle,,ALL SHOW,110580.20999999999
1641-019,0.0,0.0,0.0,Above the Line,Detalle,,,0.0
1641-020,25595.82,22653.82,0.0,Above the Line,Detalle,,ALL SHOW,2942.0
1642-002,0.0,0.0,0.0,Above the Line,Detalle,,,0.0
1642-003,60000.0,32091.59,0.0,Above the Line,Detalle,,SHOOT,27908.41
1642-006,0.0,0.0,0.0,Above the Line,Detalle,,,0.0
1642-007,10500.0,10500.0,0.0,Above the Line,Detalle,,SHOOT,0.0
1642-008,5250.0,9000.0,0.0,Above the Line,Detalle,,SHOOT,-3750.0
1642-011,0.0,0.0,0.0,Above the Line,Detalle,,,0.0
1642-012,10500.0,10500.0,0.0,Above the Line,Detalle,,SHOOT,0.0
1642-013,5250.0,9000.0,0.0,Above the Line,Detalle,,SHOOT,-3750.0
1642-016,0.0,0.0,0.0,Above the Line,Detalle,,,0.0
1642-017,5000.0,0.0,0.0,Above the Line,Detalle,,PREP,5000.0
1642-018,6500.0,0.0,0.0,Above the Line,Detalle,,SHOOT,6500.0
1642-019,12000.0,0.0,0.0,Above the Line,Detalle,,SHOOT,12000.0
1642-020,5250.0,0.0,0.0,Above the Line,Detalle,,SHOOT,5250.0
1642-023,0.0,0.0,0.0,Above the Line,Detalle,,,0.0
1642-024,5250.0,0.0,0.0,Above the Line,Detalle,,SHOOT,5250.0
1642-025,15750.0,0.0,0.0,Above the Line,Detalle,,SHOOT,15750.0
1642-026,5250.0,0.0,0.0,Above the Line,Detalle,,SHOOT,5250.0
1643-002,0.0,0.0,0.0,Above the Line,Detalle,,,0.0
1643-003,10500.0,770.212,0.0,Above the Line,Detalle,,ALL SHOW,9729.788
1699-001,6795.530000000001,556.89,0.0,Above the Line,Detalle,,Fringes,6238.64
2001-002,0.0,0.0,0.0,Below the Line,Detalle,,,0.0
2001-003,60000.0,60000.0,0.0,Below the Line,Detalle,,SOFT,0.0
2001-004,180000.0,180000.0,0.0,Below the Line,Detalle,,PREP,0.0
2001-005,140000.0,140000.0,0.0,Below the Line,Detalle,,SHOOT,0.0
2001-006,60000.0,60000.0,0.0,Below the Line,Detalle,,WRAP,0.0
2001-009,0.0,0.0,0.0,Below the Line,Detalle,,,0.0
2001-010,20000.0,20000.0,0.0,Below the Line,Detalle,,2nd Unit,0.0
2001-011,40000.0,40000.0,0.0,Below the Line,Detalle,,2nd Unit,0.0
2001-012,20000.0,20000.0,0.0,Below the Line,Detalle,,2nd Unit,0.0
2003-002,0.0,0.0,0.0,Below the Line,Detalle,,,0.0
2003-003,236250.0,236250.0,0.0,Below the Line,Detalle,,PREP,0.0
2003-004,131250.0,148750.0,0.0,Below the Line,Detalle,,SHOOT,-17500.0
2003-007,0.0,0.0,0.0,Below the Line,Detalle,,,0.0
2003-008,25000.0,25000.0,0.0,Below the Line,Detalle,,2nd Unit,0.0
2003-009,50000.0,58334.0,0.0,Below the Line,Detalle,,2nd Unit,-8334.0
2003-012,0.0,0.0,0.0,Below the Line,Detalle,,,0.0
2003-013,125000.0,125000.0,0.0,Below the Line,Detalle,,PREP,0.0
2003-014,175000.0,175000.0,0.0,Below the Line,Detalle,,SHOOT,0.0
2003-016,0.0,16800.0,0.0,Below the Line,Detalle,,SHOOT,-16800.0
2004-002,0.0,0.0,0.0,Below the Line,Detalle,,,0.0
2004-003,131250.0,131250.0,0.0,Below the Line,Detalle,,SOFT,0.0
2004-004,236250.0,236250.0,0.0,Below the Line,Detalle,,PREP,0.0
2004-005,183750.0,210000.0,0.0,Below the Line,Detalle,,SHOOT,-26250.0
2005-002,0.0,0.0,0.0,Below the Line,Detalle,,,0.0
2005-003,31500.0,31500.0,0.0,Below the Line,Detalle,,SOFT,0.0
2005-004,141750.0,141750.0,0.0,Below the Line,Detalle,,PREP,0.0
2005-005,110250.0,110250.0,0.0,Below the Line,Detalle,,SHOOT,0.0
2005-008,0.0,0.0,0.0,Below the Line,Detalle,,,0.0
2005-009,105000.0,105000.0,0.0,Below the Line,Detalle,,PREP,0.0
2005-010,75000.0,85000.0,0.0,Below the Line,Detalle,,SHOOT,-10000.0
2005-013,0.0,0.0,0.0,Below the Line,Detalle,,,0.0
2005-014,60000.0,60000.0,0.0,Below the Line,Detalle,,PREP,0.0
2005-015,105000.0,105000.0,0.0,Below the Line,Detalle,,SHOOT,0.0
2005-018,0.0,0.0,0.0,Below the Line,Detalle,,,0.0
2005-019,15000.0,0.0,0.0,Below the Line,Detalle,,2nd Unit,15000.0
2005-020,30000.0,45000.0,0.0,Below the Line,Detalle,,2nd Unit,-15000.0
2006-002,0.0,0.0,0.0,Below the Line,Detalle,,,0.0
2006-003,15000.0,15000.0,0.0,Below the Line,Detalle,,PREP,0.0
2006-004,52500.0,52500.0,0.0,Below the Line,Detalle,,SHOOT,0.0
2006-007,0.0,0.0,0.0,Below the Line,Detalle,,,0.0
2006-008,7500.0,7500.0,0.0,Below the Line,Detalle,,2nd Unit,0.0
2006-009,15000.0,13750.0,0.0,Below the Line,Detalle,,2nd Unit,1250.0
2006-011,0.0,5000.0,0.0,Below the Line,Detalle,,2nd Unit,-5000.0
2009-002,0.0,0.0,0.0,Below the Line,Detalle,,,0.0
2009-003,17000.0,17000.0,0.0,Below the Line,Detalle,,PREP,0.0
2009-004,119000.0,119000.0,0.0,Below the Line,Detalle,,SHOOT,0.0
2009-007,0.0,0.0,0.0,Below the Line,Detalle,,,0.0
2009-008,8400.0,8400.0,0.0,Below the Line,Detalle,,PREP,0.0
2009-009,2800.0,14233.33,0.0,Below the Line,Detalle,,SHOOT,-11433.33
2009-012,0.0,0.0,0.0,Below the Line,Detalle,,,0.0
2009-013,17000.0,17000.0,0.0,Below the Line,Detalle,,2nd Unit,0.0
2009-014,34000.0,34000.0,0.0,Below the Line,Detalle,,2nd Unit,0.0
2009-015,0.0,0.0,0.0,Below the Line,Detalle,,2nd Unit,0.0
2010-002,0.0,0.0,0.0,Below the Line,Detalle,,,0.0
2010-004,0.0,0.0,0.0,Below the Line,Detalle,,,0.0
2010-005,50000.0,50000.0,0.0,Below the Line,Detalle,,DEVELOPMENT,0.0
2010-006,50000.0,50000.0,0.0,Below the Line,Detalle,,DEVELOPMENT,0.0
2010-009,0.0,0.0,0.0,Below the Line,Detalle,,,0.0
2010-010,28750.0,28750.0,0.0,Below the Line,Detalle,,SOFT,0.0
2010-011,207000.0,207000.0,0.0,Below the Line,Detalle,,PREP,0.0
2010-012,161000.0,161000.0,0.0,Below the Line,Detalle,,SHOOT,0.0
2010-013,92000.0,92000.0,0.0,Below the Line,Detalle,,WRAP,0.0
2010-014,138000.0,138000.0,0.0,Below the Line,Detalle,,POST,0.0
2011-002,0.0,0.0,0.0,Below the Line,Detalle,,,0.0
2011-003,15000.0,15000.0,0.0,Below the Line,Detalle,,SOFT,0.0
2011-004,108000.0,108000.0,0.0,Below the Line,Detalle,,PREP,0.0
2011-005,84000.0,84000.0,0.0,Below the Line,Detalle,,SHOOT,0.0
2011-006,48000.0,48000.0,0.0,Below the Line,Detalle,,WRAP,0.0
2011-007,72000.0,72000.0,0.0,Below the Line,Detalle,,POST,0.0
2011-010,0.0,0.0,0.0,Below the Line,Detalle,,,0.0
2011-011,12500.0,12500.0,0.0,Below the Line,Detalle,,SOFT,0.0
2011-012,90000.0,90000.0,0.0,Below the Line,Detalle,,PREP,0.0
2011-013,70000.0,70000.0,0.0,Below the Line,Detalle,,SHOOT,0.0
2011-014,40000.0,40000.0,0.0,Below the Line,Detalle,,WRAP,0.0
2011-015,60000.0,60000.0,0.0,Below the Line,Detalle,,POST,0.0
2011-018,0.0,0.0,0.0,Below the Line,Detalle,,,0.0
2011-019,18000.0,18000.0,0.0,Below the Line,Detalle,,SOFT,0.0
2011-020,49500.0,49500.0,0.0,Below the Line,Detalle,,PREP,0.0
2011-021,38500.0,38500.0,0.0,Below the Line,Detalle,,SHOOT,0.0
2011-022,22000.0,22000.0,0.0,Below the Line,Detalle,,WRAP,0.0
2011-023,22000.0,22000.0,0.0,Below the Line,Detalle,,POST,0.0
2013-002,0.0,0.0,0.0,Below the Line,Detalle,,,0.0
2013-003,94500.0,94500.0,0.0,Below the Line,Detalle,,SOFT,0.0
2013-004,170100.0,170100.0,0.0,Below the Line,Detalle,,PREP,0.0
2013-005,132300.0,132300.0,0.0,Below the Line,Detalle,,SHOOT,0.0
2013-006,94500.0,170100.0,0.0,Below the Line,Detalle,,WRAP,-75600.0
2014-002,0.0,0.0,0.0,Below the Line,Detalle,,,0.0
2014-003,81000.0,72000.0,0.0,Below the Line,Detalle,,PREP,9000.0
2014-004,63000.0,56000.0,0.0,Below the Line,Detalle,,SHOOT,7000.0
2014-005,45000.0,48000.0,0.0,Below the Line,Detalle,,WRAP,-3000.0
2014-008,0.0,0.0,0.0,Below the Line,Detalle,,,0.0
2014-009,56000.0,63000.0,0.0,Below the Line,Detalle,,PREP,-7000.0
2014-010,56000.0,63000.0,0.0,Below the Line,Detalle,,SHOOT,-7000.0
2014-011,32000.0,45000.0,0.0,Below the Line,Detalle,,WRAP,-13000.0
2014-014,0.0,0.0,0.0,Below the Line,Detalle,,,0.0
2014-015,32000.0,24000.0,0.0,Below the Line,Detalle,,SHOOT,8000.0
2014-016,64000.0,72000.0,0.0,Below the Line,Detalle,,WRAP,-8000.0
2017-002,0.0,0.0,0.0,Below the Line,Detalle,,,0.0
2017-003,87500.0,75000.0,0.0,Below the Line,Detalle,,PREP,12500.0
2017-004,87500.0,87500.0,0.0,Below the Line,Detalle,,SHOOT,0.0
2017-005,12500.0,41000.0,0.0,Below the Line,Detalle,,WRAP,-28500.0
2017-008,0.0,0.0,0.0,Below the Line,Detalle,,,0.0
2017-009,12500.0,12500.0,0.0,Below the Line,Detalle,,2nd Unit,0.0
2017-010,25000.0,25000.0,0.0,Below the Line,Detalle,,2nd Unit,0.0
2017-011,12500.0,12500.0,0.0,Below the Line,Detalle,,2nd Unit,0.0
2019-002,0.0,0.0,0.0,Below the Line,Detalle,,,0.0
2019-003,12000.0,12400.0,0.0,Below the Line,Detalle,,PREP,-400.0
2019-004,42000.0,43400.0,0.0,Below the Line,Detalle,,SHOOT,-1400.0
2019-005,6000.0,18600.0,0.0,Below the Line,Detalle,,WRAP,-12600.0
2019-008,0.0,0.0,0.0,Below the Line,Detalle,,,0.0
2019-009,11800.0,12400.0,0.0,Below the Line,Detalle,,PREP,-600.0
2019-010,41300.0,43400.0,0.0,Below the Line,Detalle,,SHOOT,-2100.0
2019-011,5900.0,12400.0,0.0,Below the Line,Detalle,,WRAP,-6500.0
2020-002,0.0,0.0,0.0,Below the Line,Detalle,,,0.0
2020-003,108000.0,113400.0,0.0,Below the Line,Detalle,,PREP,-5400.0
2020-004,126000.0,132300.0,0.0,Below the Line,Detalle,,SHOOT,-6300.0
2020-005,18000.0,18900.0,0.0,Below the Line,Detalle,,WRAP,-900.0
2020-008,0.0,0.0,0.0,Below the Line,Detalle,,,0.0
2020-009,54000.0,36000.0,0.0,Below the Line,Detalle,,PREP,18000.0
2020-010,63000.0,63000.0,0.0,Below the Line,Detalle,,SHOOT,0.0
2020-011,18000.0,27000.0,0.0,Below the Line,Detalle,,WRAP,-9000.0
2020-014,0.0,0.0,0.0,Below the Line,Detalle,,,0.0
2020-015,14000.0,14000.0,0.0,Below the Line,Detalle,,PREP,0.0
2020-016,49000.0,49000.0,0.0,Below the Line,Detalle,,SHOOT,0.0
2020-017,7000.0,14000.0,0.0,Below the Line,Detalle,,WRAP,-7000.0
2020-020,0.0,0.0,0.0,Below the Line,Detalle,,,0.0
2020-021,14000.0,16333.0,0.0,Below the Line,Detalle,,PREP,-2333.0
2020-022,49000.0,49000.0,0.0,Below the Line,Detalle,,SHOOT,0.0
2020-023,7000.0,14000.0,0.0,Below the Line,Detalle,,WRAP,-7000.0
2020-026,0.0,0.0,0.0,Below the Line,Detalle,,,0.0
2020-027,49000.0,98000.0,0.0,Below the Line,Detalle,,SHOOT,-49000.0
2020-030,0.0,0.0,0.0,Below the Line,Detalle,,,0.0
2020-031,7000.0,3500.0,0.0,Below the Line,Detalle,,2nd Unit,3500.0
2020-032,14000.0,14000.0,0.0,Below the Line,Detalle,,2nd Unit,0.0
2020-033,0.0,3500.0,0.0,Below the Line,Detalle,,2nd Unit,-3500.0
2020-036,0.0,0.0,0.0,Below the Line,Detalle,,,0.0
2020-037,0.0,0.0,0.0,Below the Line,Detalle,,2nd Unit,0.0
2020-038,14000.0,16287.55,0.0,Below the Line,Detalle,,2nd Unit,-2287.5499999999993
2020-039,0.0,0.0,0.0,Below the Line,Detalle,,2nd Unit,0.0
2020-042,0.0,0.0,0.0,Below the Line,Detalle,,,0.0
2020-043,0.0,0.0,0.0,Below the Line,Detalle,,2nd Unit,0.0
2020-044,8000.0,8000.0,0.0,Below the Line,Detalle,,2nd Unit,0.0
2020-045,0.0,0.0,0.0,Below the Line,Detalle,,2nd Unit,0.0
2020-047,0.0,8000.0,0.0,Below the Line,Detalle,,2nd Unit,-8000.0
2030-002,0.0,0.0,0.0,Below the Line,Detalle,,,0.0
2030-003,16000.0,16000.0,0.0,Below the Line,Detalle,,PREP,0.0
2030-004,56000.0,92000.0,0.0,Below the Line,Detalle,,SHOOT,-36000.0
2030-005,8000.0,0.0,0.0,Below the Line,Detalle,,WRAP,8000.0
2030-008,0.0,0.0,0.0,Below the Line,Detalle,,,0.0
2030-009,50600.0,50600.0,0.0,Below the Line,Detalle,,PREP,0.0
2030-010,177100.0,177100.0,0.0,Below the Line,Detalle,,SHOOT,0.0
2030-011,0.0,0.0,0.0,Below the Line,Detalle,,WRAP,0.0
2042-002,0.0,0.0,0.0,Below the Line,Detalle,,,0.0
2042-003,5000.0,9054.285,0.0,Below the Line,Detalle,,ALL SHOW,-4054.285
2045-002,0.0,0.0,0.0,Below the Line,Detalle,,,0.0
2045-003,24000.0,24000.0,0.0,Below the Line,Detalle,,PREP,0.0
2045-004,56000.0,56000.0,0.0,Below the Line,Detalle,,SHOOT,0.0
2045-005,8000.0,16000.0,0.0,Below the Line,Detalle,,WRAP,-8000.0
2045-008,0.0,0.0,0.0,Below the Line,Detalle,,,0.0
2045-009,52500.0,52500.0,0.0,Below the Line,Detalle,,SHOOT,0.0
2045-010,7500.0,0.0,0.0,Below the Line,Detalle,,WRAP,7500.0
2080-002,0.0,0.0,0.0,Below the Line,Detalle,,,0.0
2080-003,60000.0,200735.81699999998,0.0,Below the Line,Detalle,,SHOOT,-140735.81699999998
2103-002,0.0,0.0,0.0,Below the Line,Detalle,,,0.0
2103-003,0.0,0.0,0.0,Below the Line,Detalle,,,0.0
2103-004,1250000.0,2041865.6,0.0,Below the Line,Detalle,,SHOOT,-791865.6000000001
2103-005,72000.0,0.0,0.0,Below the Line,Detalle,,SHOOT,72000.0
2110-002,0.0,0.0,0.0,Below the Line,Detalle,,,0.0
2110-003,20000.0,0.0,0.0,Below the Line,Detalle,,PREP,20000.0
2110-004,140000.0,0.0,0.0,Below the Line,Detalle,,SHOOT,140000.0
2110-007,0.0,0.0,0.0,Below the Line,Detalle,,,0.0
2110-008,105000.0,0.0,0.0,Below the Line,Detalle,,SHOOT,105000.0
2110-011,0.0,0.0,0.0,Below the Line,Detalle,,,0.0
2110-012,27000.0,0.0,0.0,Below the Line,Detalle,,SHOOT,27000.0
2201-002,0.0,0.0,0.0,Below the Line,Detalle,,,0.0
2201-003,16170.0,16170.0,0.0,Below the Line,Detalle,,SOFT,0.0
2201-004,291060.0,291060.0,0.0,Below the Line,Detalle,,PREP,0.0
2201-005,226380.0,226380.0,0.0,Below the Line,Detalle,,SHOOT,0.0
2201-006,64680.0,64680.0,0.0,Below the Line,Detalle,,WRAP,0.0
2202-002,0.0,0.0,0.0,Below the Line,Detalle,,,0.0
2202-003,193725.0,193725.0,0.0,Below the Line,Detalle,,PREP,0.0
2202-004,150675.0,150675.0,0.0,Below the Line,Detalle,,SHOOT,0.0
2202-005,43050.0,43050.0,0.0,Below the Line,Detalle,,WRAP,0.0
2203-002,0.0,0.0,0.0,Below the Line,Detalle,,,0.0
2203-003,50400.0,50400.0,0.0,Below the Line,Detalle,,PREP,0.0
2203-004,88200.0,88200.0,0.0,Below the Line,Detalle,,SHOOT,0.0
2203-005,12600.0,12600.0,0.0,Below the Line,Detalle,,WRAP,0.0
2206-002,0.0,0.0,0.0,Below the Line,Detalle,,,0.0
2206-003,141750.0,141750.0,0.0,Below the Line,Detalle,,PREP,0.0
2206-004,110250.0,110250.0,0.0,Below the Line,Detalle,,SHOOT,0.0
2206-005,31500.0,47250.0,0.0,Below the Line,Detalle,,WRAP,-15750.0
2206-008,0.0,0.0,0.0,Below the Line,Detalle,,,0.0
2206-009,28000.0,38500.0,0.0,Below the Line,Detalle,,PREP,-10500.0
2206-010,49000.0,53900.0,0.0,Below the Line,Detalle,,SHOOT,-4900.0
2206-011,14000.0,23100.0,0.0,Below the Line,Detalle,,WRAP,-9100.0
2206-014,0.0,0.0,0.0,Below the Line,Detalle,,,0.0
2206-015,38500.0,28000.0,0.0,Below the Line,Detalle,,PREP,10500.0
2206-016,53900.0,49000.0,0.0,Below the Line,Detalle,,SHOOT,4900.0
2206-017,23100.0,19880.0,0.0,Below the Line,Detalle,,WRAP,3220.0
2213-002,0.0,0.0,0.0,Below the Line,Detalle,,,0.0
2213-003,75600.0,75600.0,0.0,Below the Line,Detalle,,PREP,0.0
2213-004,88200.0,104800.0,0.0,Below the Line,Detalle,,SHOOT,-16600.0
2285-002,0.0,0.0,0.0,Below the Line,Detalle,,,0.0
2285-003,35000.0,28823.179,0.0,Below the Line,Detalle,,ALL SHOW,6176.821
2310-002,0.0,0.0,0.0,Below the Line,Detalle,,,0.0
2310-003,14700.0,14700.0,0.0,Below the Line,Detalle,,PREP,0.0
2310-004,51450.0,50400.0,0.0,Below the Line,Detalle,,SHOOT,1050.0
2310-005,0.0,7350.0,0.0,Below the Line,Detalle,,WRAP,-7350.0
2310-008,0.0,0.0,0.0,Below the Line,Detalle,,,0.0
2310-009,6300.0,6300.0,0.0,Below the Line,Detalle,,PREP,0.0
2310-010,44100.0,44100.0,0.0,Below the Line,Detalle,,SHOOT,0.0
2310-011,0.0,6300.0,0.0,Below the Line,Detalle,,WRAP,-6300.0
2311-002,0.0,0.0,0.0,Below the Line,Detalle,,,0.0
2311-003,60000.0,48636.2,0.0,Below the Line,Detalle,,ALL SHOW,11363.800000000003
2311-004,5000.0,1130.0,0.0,Below the Line,Detalle,,ALL SHOW,3870.0
2311-005,60000.0,62800.0,0.0,Below the Line,Detalle,,ALL SHOW,-2800.0
2385-002,0.0,0.0,0.0,Below the Line,Detalle,,,0.0
2385-003,60000.0,91213.206,0.0,Below the Line,Detalle,,ALL SHOW,-31213.206000000006
2390-002,0.0,0.0,0.0,Below the Line,Detalle,,,0.0
2390-003,18000.0,0.0,0.0,Below the Line,Detalle,,PREP,18000.0
2390-004,42000.0,60840.0,0.0,Below the Line,Detalle,,SHOOT,-18840.0
2390-005,6000.0,2000.0,0.0,Below the Line,Detalle,,WRAP,4000.0
2394-002,0.0,0.0,0.0,Below the Line,Detalle,,,0.0
2394-004,0.0,0.0,0.0,Below the Line,Detalle,,,0.0
2394-005,450000.0,123028.77,0.0,Below the Line,Detalle,,SHOOT,326971.23
2394-008,0.0,0.0,0.0,Below the Line,Detalle,,,0.0
2394-009,70000.0,134658.88,0.0,Below the Line,Detalle,,SHOOT,-64658.880000000005
2394-012,0.0,0.0,0.0,Below the Line,Detalle,,,0.0
2394-013,40000.0,32178.6,0.0,Below the Line,Detalle,,SHOOT,7821.4000000000015
2394-016,0.0,0.0,0.0,Below the Line,Detalle,,,0.0
2394-017,20000.0,0.0,0.0,Below the Line,Detalle,,SHOOT,20000.0
2394-020,0.0,0.0,0.0,Below the Line,Detalle,,,0.0
2394-021,100000.0,68048.57,0.0,Below the Line,Detalle,,SHOOT,31951.429999999993
2394-024,0.0,0.0,0.0,Below the Line,Detalle,,,0.0
2394-025,15000.0,8980.86,0.0,Below the Line,Detalle,,SHOOT,6019.139999999999
2394-028,0.0,0.0,0.0,Below the Line,Detalle,,,0.0
2394-029,25000.0,662.07,0.0,Below the Line,Detalle,,SHOOT,24337.93
2394-032,0.0,0.0,0.0,Below the Line,Detalle,,,0.0
2394-033,20000.0,24794.0,0.0,Below the Line,Detalle,,SHOOT,-4794.0
2394-036,0.0,0.0,0.0,Below the Line,Detalle,,,0.0
2394-037,30000.0,874.34,0.0,Below the Line,Detalle,,SHOOT,29125.66
2394-040,0.0,0.0,0.0,Below the Line,Detalle,,,0.0
2394-041,20000.0,46200.0,0.0,Below the Line,Detalle,,SHOOT,-26200.0
2394-044,0.0,0.0,0.0,Below the Line,Detalle,,,0.0
2394-045,20000.0,20600.0,0.0,Below the Line,Detalle,,SHOOT,-600.0
2394-048,0.0,0.0,0.0,Below the Line,Detalle,,,0.0
2394-049,30000.0,0.0,0.0,Below the Line,Detalle,,SHOOT,30000.0
2394-052,0.0,0.0,0.0,Below the Line,Detalle,,,0.0
2394-053,15000.0,0.0,0.0,Below the Line,Detalle,,SHOOT,15000.0
2394-056,0.0,0.0,0.0,Below the Line,Detalle,,,0.0
2394-057,10000.0,0.0,0.0,Below the Line,Detalle,,SHOOT,10000.0
2394-060,0.0,0.0,0.0,Below the Line,Detalle,,,0.0
2394-061,20000.0,31507.91,0.0,Below the Line,Detalle,,SHOOT,-11507.91
2394-064,0.0,0.0,0.0,Below the Line,Detalle,,,0.0
2394-065,10000.0,0.0,0.0,Below the Line,Detalle,,SHOOT,10000.0
2394-068,0.0,0.0,0.0,Below the Line,Detalle,,,0.0
2394-069,40000.0,0.0,0.0,Below the Line,Detalle,,SHOOT,40000.0
2394-072,0.0,0.0,0.0,Below the Line,Detalle,,,0.0
2394-073,65000.0,5485.6900000000005,0.0,Below the Line,Detalle,,SHOOT,59514.31
2398-002,0.0,0.0,0.0,Below the Line,Detalle,,,0.0
2398-003,60000.0,58401.47,0.0,Below the Line,Detalle,,SHOOT,1598.5299999999988
2401-002,0.0,0.0,0.0,Below the Line,Detalle,,,0.0
2401-003,124950.0,124950.0,0.0,Below the Line,Detalle,,PREP,0.0
2401-004,124950.0,124950.0,0.0,Below the Line,Detalle,,SHOOT,0.0
2401-005,35700.0,53550.0,0.0,Below the Line,Detalle,,WRAP,-17850.0
2401-008,0.0,0.0,0.0,Below the Line,Detalle,,,0.0
2401-009,40000.0,40000.0,0.0,Below the Line,Detalle,,PREP,0.0
2401-010,10000.0,6301.63,0.0,Below the Line,Detalle,,WRAP,3698.37
2401-013,0.0,0.0,0.0,Below the Line,Detalle,,,0.0
2401-014,44625.0,44625.0,0.0,Below the Line,Detalle,,PREP,0.0
2401-015,62475.0,62475.0,0.0,Below the Line,Detalle,,SHOOT,0.0
2401-016,8925.0,17258.35,0.0,Below the Line,Detalle,,WRAP,-8333.349999999999
2401-019,0.0,0.0,0.0,Below the Line,Detalle,,,0.0
2401-020,35700.0,35700.0,0.0,Below the Line,Detalle,,PREP,0.0
2401-021,62475.0,62475.0,0.0,Below the Line,Detalle,,SHOOT,0.0
2401-022,8925.0,8925.0,0.0,Below the Line,Detalle,,WRAP,0.0
2401-025,0.0,0.0,0.0,Below the Line,Detalle,,,0.0
2401-026,29400.0,29400.0,0.0,Below the Line,Detalle,,PREP,0.0
2401-027,51450.0,51450.0,0.0,Below the Line,Detalle,,SHOOT,0.0
2401-028,7350.0,7350.0,0.0,Below the Line,Detalle,,WRAP,0.0
2401-031,0.0,0.0,0.0,Below the Line,Detalle,,,0.0
2401-032,22050.0,22050.0,0.0,Below the Line,Detalle,,PREP,0.0
2401-033,51450.0,51450.0,0.0,Below the Line,Detalle,,SHOOT,0.0
2401-036,0.0,0.0,0.0,Below the Line,Detalle,,,0.0
2401-037,8500.0,0.0,0.0,Below the Line,Detalle,,2nd Unit,8500.0
2401-038,17000.0,17000.0,0.0,Below the Line,Detalle,,2nd Unit,0.0
2401-039,8500.0,16833.35,0.0,Below the Line,Detalle,,2nd Unit,-8333.349999999999
2401-042,0.0,0.0,0.0,Below the Line,Detalle,,,0.0
2401-043,8500.0,8500.0,0.0,Below the Line,Detalle,,2nd Unit,0.0
2401-044,17000.0,17000.0,0.0,Below the Line,Detalle,,2nd Unit,0.0
2401-045,8500.0,8500.0,0.0,Below the Line,Detalle,,2nd Unit,0.0
2402-002,0.0,0.0,0.0,Below the Line,Detalle,,,0.0
2402-003,21000.0,16800.0,0.0,Below the Line,Detalle,,PREP,4200.0
2402-004,58800.0,58800.0,0.0,Below the Line,Detalle,,SHOOT,0.0
2402-005,8400.0,0.0,0.0,Below the Line,Detalle,,WRAP,8400.0
2403-002,0.0,0.0,0.0,Below the Line,Detalle,,,0.0
2403-003,23625.0,15750.0,0.0,Below the Line,Detalle,,PREP,7875.0
2403-004,55125.0,55125.0,0.0,Below the Line,Detalle,,SHOOT,0.0
2403-005,7875.0,41700.0,0.0,Below the Line,Detalle,,WRAP,-33825.0
2403-008,0.0,0.0,0.0,Below the Line,Detalle,,,0.0
2403-009,15750.0,15750.0,0.0,Below the Line,Detalle,,PREP,0.0
2403-010,55125.0,55125.0,0.0,Below the Line,Detalle,,SHOOT,0.0
2403-011,7875.0,7875.0,0.0,Below the Line,Detalle,,WRAP,0.0
2403-014,0.0,0.0,0.0,Below the Line,Detalle,,,0.0
2403-015,7875.0,7875.0,0.0,Below the Line,Detalle,,PREP,0.0
2403-016,55125.0,55125.0,0.0,Below the Line,Detalle,,SHOOT,0.0
2403-017,7875.0,7875.0,0.0,Below the Line,Detalle,,WRAP,0.0
2403-020,0.0,0.0,0.0,Below the Line,Detalle,,,0.0
2403-021,31200.0,39000.0,0.0,Below the Line,Detalle,,PREP,-7800.0
2403-022,31200.0,54780.0,0.0,Below the Line,Detalle,,WRAP,-23580.0
2403-025,0.0,0.0,0.0,Below the Line,Detalle,,,0.0
2403-026,7500.0,7500.0,0.0,Below the Line,Detalle,,2nd Unit,0.0
2403-027,15000.0,15000.0,0.0,Below the Line,Detalle,,2nd Unit,0.0
2403-028,7500.0,7500.0,0.0,Below the Line,Detalle,,2nd Unit,0.0
2403-031,0.0,0.0,0.0,Below the Line,Detalle,,,0.0
2403-032,7500.0,3266.66,0.0,Below the Line,Detalle,,2nd Unit,4233.34
2403-033,15000.0,20000.0,0.0,Below the Line,Detalle,,2nd Unit,-5000.0
2403-034,7500.0,7500.0,0.0,Below the Line,Detalle,,2nd Unit,0.0
2405-002,0.0,0.0,0.0,Below the Line,Detalle,,,0.0
2405-003,10290.0,10290.0,0.0,Below the Line,Detalle,,PREP,0.0
2405-004,72030.0,77910.0,0.0,Below the Line,Detalle,,SHOOT,-5880.0
2405-007,0.0,0.0,0.0,Below the Line,Detalle,,,0.0
2405-008,8400.0,0.0,0.0,Below the Line,Detalle,,PREP,8400.0
2405-009,58800.0,58800.0,0.0,Below the Line,Detalle,,SHOOT,0.0
2405-012,0.0,0.0,0.0,Below the Line,Detalle,,,0.0
2405-013,8000.0,0.0,0.0,Below the Line,Detalle,,2nd Unit,8000.0
2405-014,16000.0,0.0,0.0,Below the Line,Detalle,,2nd Unit,16000.0
2405-015,0.0,0.0,0.0,Below the Line,Detalle,,2nd Unit,0.0
2405-018,0.0,0.0,0.0,Below the Line,Detalle,,,0.0
2405-019,7500.0,7500.0,0.0,Below the Line,Detalle,,2nd Unit,0.0
2405-020,15000.0,30000.0,0.0,Below the Line,Detalle,,2nd Unit,-15000.0
2405-021,0.0,0.0,0.0,Below the Line,Detalle,,2nd Unit,0.0
2405-024,0.0,0.0,0.0,Below the Line,Detalle,,,0.0
2405-025,105000.0,323105.83,0.0,Below the Line,Detalle,,SHOOT,-218105.83000000002
2485-002,0.0,0.0,0.0,Below the Line,Detalle,,,0.0
2485-003,100000.0,106037.72,0.0,Below the Line,Detalle,,ALL SHOW,-6037.720000000001
2485-004,44000.0,8250.0,0.0,Below the Line,Detalle,,ALL SHOW,35750.0
2490-002,0.0,0.0,0.0,Below the Line,Detalle,,,0.0
2490-003,45000.0,34000.0,0.0,Below the Line,Detalle,,PREP,11000.0
2490-004,63000.0,70000.0,0.0,Below the Line,Detalle,,SHOOT,-7000.0
2490-005,12000.0,10000.0,0.0,Below the Line,Detalle,,WRAP,2000.0
2494-002,0.0,0.0,0.0,Below the Line,Detalle,,,0.0
2494-003,978000.0,745427.147,0.0,Below the Line,Detalle,,SHOOT,232572.853
2494-006,0.0,0.0,0.0,Below the Line,Detalle,,,0.0
2494-007,350000.0,266867.16000000003,0.0,Below the Line,Detalle,,SHOOT,83132.83999999997
2494-010,0.0,0.0,0.0,Below the Line,Detalle,,,0.0
2494-011,60000.0,9340.3,0.0,Below the Line,Detalle,,SHOOT,50659.7
2494-014,0.0,0.0,0.0,Below the Line,Detalle,,,0.0
2494-015,40000.0,38566.52,0.0,Below the Line,Detalle,,SHOOT,1433.4800000000032
2494-018,0.0,0.0,0.0,Below the Line,Detalle,,,0.0
2494-019,30000.0,17435.64,0.0,Below the Line,Detalle,,SHOOT,12564.36
2494-022,0.0,0.0,0.0,Below the Line,Detalle,,,0.0
2494-023,100000.0,74339.34,0.0,Below the Line,Detalle,,SHOOT,25660.660000000003
2494-026,0.0,0.0,0.0,Below the Line,Detalle,,,0.0
2494-027,60000.0,81881.13,0.0,Below the Line,Detalle,,SHOOT,-21881.130000000005
2494-030,0.0,0.0,0.0,Below the Line,Detalle,,,0.0
2494-031,90000.0,74499.52,0.0,Below the Line,Detalle,,SHOOT,15500.479999999996
2494-034,0.0,0.0,0.0,Below the Line,Detalle,,,0.0
2494-035,87000.0,215168.87,0.0,Below the Line,Detalle,,SHOOT,-128168.87
2494-038,0.0,0.0,0.0,Below the Line,Detalle,,,0.0
2494-039,60000.0,28775.27,0.0,Below the Line,Detalle,,SHOOT,31224.73
2494-042,0.0,0.0,0.0,Below the Line,Detalle,,,0.0
2494-043,90000.0,221221.21,0.0,Below the Line,Detalle,,SHOOT,-131221.21
2494-046,0.0,0.0,0.0,Below the Line,Detalle,,,0.0
2494-047,90000.0,90867.8,0.0,Below the Line,Detalle,,SHOOT,-867.8000000000029
2494-050,0.0,0.0,0.0,Below the Line,Detalle,,,0.0
2494-051,30000.0,41196.0,0.0,Below the Line,Detalle,,SHOOT,-11196.0
2494-054,0.0,0.0,0.0,Below the Line,Detalle,,,0.0
2494-055,65000.0,23178.39,0.0,Below the Line,Detalle,,SHOOT,41821.61
2494-058,0.0,0.0,0.0,Below the Line,Detalle,,,0.0
2494-059,100000.0,123249.12,0.0,Below the Line,Detalle,,SHOOT,-23249.119999999995
2494-062,0.0,0.0,0.0,Below the Line,Detalle,,,0.0
2494-063,50000.0,24882.96,0.0,Below the Line,Detalle,,SHOOT,25117.04
2494-066,0.0,0.0,0.0,Below the Line,Detalle,,,0.0
2494-067,400000.0,413459.91000000003,0.0,Below the Line,Detalle,,SHOOT,-13459.910000000033
2494-070,0.0,0.0,0.0,Below the Line,Detalle,,,0.0
2494-071,214000.0,217013.28,0.0,Below the Line,Detalle,,SHOOT,-3013.279999999999
2494-074,0.0,0.0,0.0,Below the Line,Detalle,,,0.0
2494-075,107630.0,107630.0,0.0,Below the Line,Detalle,,ALL SHOW,0.0
2495-002,0.0,0.0,0.0,Below the Line,Detalle,,,0.0
2495-003,225000.0,142099.33,0.0,Below the Line,Detalle,,ALL SHOW,82900.67000000001
2495-006,0.0,0.0,0.0,Below the Line,Detalle,,,0.0
2495-007,30000.0,0.0,0.0,Below the Line,Detalle,,PREP,30000.0
2495-010,0.0,0.0,0.0,Below the Line,Detalle,,,0.0
2495-011,18900.0,18900.0,0.0,Below the Line,Detalle,,PREP,0.0
2495-012,44100.0,44100.0,0.0,Below the Line,Detalle,,SHOOT,0.0
2495-013,12600.0,21420.0,0.0,Below the Line,Detalle,,WRAP,-8820.0
2495-016,0.0,0.0,0.0,Below the Line,Detalle,,,0.0
2495-017,30000.0,25000.0,0.0,Below the Line,Detalle,,ALL SHOW,5000.0
2495-020,0.0,0.0,0.0,Below the Line,Detalle,,,0.0
2495-021,5500.0,22950.87,0.0,Below the Line,Detalle,,ALL SHOW,-17450.87
2498-002,0.0,0.0,0.0,Below the Line,Detalle,,,0.0
2498-003,100000.0,125933.85,0.0,Below the Line,Detalle,,ALL SHOW,-25933.850000000006
2501-002,0.0,0.0,0.0,Below the Line,Detalle,,,0.0
2501-003,85000.0,85000.0,0.0,Below the Line,Detalle,,PREP,0.0
2501-004,119000.0,119000.0,0.0,Below the Line,Detalle,,SHOOT,0.0
2501-005,34000.0,34000.0,0.0,Below the Line,Detalle,,WRAP,0.0
2501-008,0.0,0.0,0.0,Below the Line,Detalle,,,0.0
2501-009,39200.0,39200.0,0.0,Below the Line,Detalle,,PREP,0.0
2501-010,68600.0,68600.0,0.0,Below the Line,Detalle,,SHOOT,0.0
2501-011,14700.0,14700.0,0.0,Below the Line,Detalle,,WRAP,0.0
2502-002,0.0,0.0,0.0,Below the Line,Detalle,,,0.0
2502-003,24000.0,24000.0,0.0,Below the Line,Detalle,,PREP,0.0
2502-004,56000.0,56000.0,0.0,Below the Line,Detalle,,SHOOT,0.0
2502-007,0.0,0.0,0.0,Below the Line,Detalle,,,0.0
2502-008,16000.0,16000.0,0.0,Below the Line,Detalle,,2nd Unit,0.0
2502-011,0.0,0.0,0.0,Below the Line,Detalle,,,0.0
2502-012,15000.0,9800.0,0.0,Below the Line,Detalle,,2nd Unit,5200.0
2508-002,0.0,0.0,0.0,Below the Line,Detalle,,,0.0
2508-003,52500.0,50500.0,0.0,Below the Line,Detalle,,SHOOT,2000.0
2508-006,0.0,0.0,0.0,Below the Line,Detalle,,,0.0
2508-007,50000.0,17340.75,0.0,Below the Line,Detalle,,ALL SHOW,32659.25
2585-002,0.0,0.0,0.0,Below the Line,Detalle,,,0.0
2585-003,85000.0,87729.117,0.0,Below the Line,Detalle,,ALL SHOW,-2729.1169999999984
2594-002,0.0,0.0,0.0,Below the Line,Detalle,,,0.0
2594-003,310000.0,469634.524,0.0,Below the Line,Detalle,,ALL SHOW,-159634.52399999998
2598-002,0.0,0.0,0.0,Below the Line,Detalle,,,0.0
2598-003,40000.0,6740.63,0.0,Below the Line,Detalle,,ALL SHOW,33259.37
2601-002,0.0,0.0,0.0,Below the Line,Detalle,,,0.0
2601-003,47500.0,63598.01,0.0,Below the Line,Detalle,,SHOOT,-16098.010000000002
2601-006,0.0,0.0,0.0,Below the Line,Detalle,,,0.0
2601-007,14400.0,19280.239999999998,0.0,Below the Line,Detalle,,SHOOT,-4880.239999999998
2602-002,0.0,0.0,0.0,Below the Line,Detalle,,,0.0
2602-003,45000.0,45000.0,0.0,Below the Line,Detalle,,SHOOT,0.0
2602-004,36000.0,51800.0,0.0,Below the Line,Detalle,,SHOOT,-15800.0
2602-005,96000.0,96000.0,0.0,Below the Line,Detalle,,SHOOT,0.0
2602-006,67200.0,67200.0,0.0,Below the Line,Detalle,,SHOOT,0.0
2602-007,24000.0,24000.0,0.0,Below the Line,Detalle,,SHOOT,0.0
2602-008,16000.0,16000.0,0.0,Below the Line,Detalle,,SHOOT,0.0
2602-009,12000.0,28066.87,0.0,Below the Line,Detalle,,SHOOT,-16066.869999999999
2602-010,9500.0,9500.0,0.0,Below the Line,Detalle,,SHOOT,0.0
2602-011,14000.0,14271.12,0.0,Below the Line,Detalle,,SHOOT,-271.1200000000008
2602-012,12000.0,0.0,0.0,Below the Line,Detalle,,SHOOT,12000.0
2602-013,12000.0,12000.0,0.0,Below the Line,Detalle,,SHOOT,0.0
2602-014,14400.0,14400.0,0.0,Below the Line,Detalle,,SHOOT,0.0
2602-015,12000.0,24000.0,0.0,Below the Line,Detalle,,SHOOT,-12000.0
2602-016,25200.0,25200.0,0.0,Below the Line,Detalle,,SHOOT,0.0
2602-017,24000.0,0.0,0.0,Below the Line,Detalle,,SHOOT,24000.0
2602-018,56000.0,0.0,0.0,Below the Line,Detalle,,SHOOT,56000.0
2602-019,48000.0,72234.49,0.0,Below the Line,Detalle,,SHOOT,-24234.490000000005
2602-020,70000.0,0.0,0.0,Below the Line,Detalle,,SHOOT,70000.0
2602-021,33600.0,48987.22,0.0,Below the Line,Detalle,,SHOOT,-15387.220000000001
2602-022,34000.0,102694.05,0.0,Below the Line,Detalle,,SHOOT,-68694.05
2602-023,0.0,55000.0,0.0,Below the Line,Detalle,,SHOOT,-55000.0
2621-002,0.0,0.0,0.0,Below the Line,Detalle,,,0.0
2621-003,10000.0,10000.0,0.0,Below the Line,Detalle,,PREP,0.0
2621-004,53600.0,88000.0,0.0,Below the Line,Detalle,,SHOOT,-34400.0
2623-002,0.0,0.0,0.0,Below the Line,Detalle,,,0.0
2623-003,30000.0,58120.0,0.0,Below the Line,Detalle,,SHOOT,-28120.0
2623-004,30000.0,57600.0,0.0,Below the Line,Detalle,,SHOOT,-27600.0
2623-005,40000.0,76800.0,0.0,Below the Line,Detalle,,SHOOT,-36800.0
2623-006,40000.0,67800.0,0.0,Below the Line,Detalle,,SHOOT,-27800.0
2623-007,36000.0,68000.0,0.0,Below the Line,Detalle,,SHOOT,-32000.0
2623-008,10000.0,18000.0,0.0,Below the Line,Detalle,,SHOOT,-8000.0
2623-011,0.0,0.0,0.0,Below the Line,Detalle,,,0.0
2623-012,5250.0,6250.0,0.0,Below the Line,Detalle,,SHOOT,-1000.0
2623-013,15200.0,6080.0,0.0,Below the Line,Detalle,,SHOOT,9120.0
2623-014,21000.0,0.0,0.0,Below the Line,Detalle,,SHOOT,21000.0
2623-015,14400.0,0.0,0.0,Below the Line,Detalle,,SHOOT,14400.0
2623-016,5200.0,5200.0,0.0,Below the Line,Detalle,,SHOOT,0.0
2623-017,15600.0,10400.0,0.0,Below the Line,Detalle,,SHOOT,5200.0
2623-018,38000.0,30400.0,0.0,Below the Line,Detalle,,SHOOT,7600.0
2623-019,3200.0,6400.0,0.0,Below the Line,Detalle,,SHOOT,-3200.0
2693-002,0.0,0.0,0.0,Below the Line,Detalle,,,0.0
2693-003,25000.0,0.0,0.0,Below the Line,Detalle,,ALL SHOW,25000.0
2701-002,0.0,0.0,0.0,Below the Line,Detalle,,,0.0
2701-003,202500.0,202500.0,0.0,Below the Line,Detalle,,PREP,0.0
2701-004,157500.0,157500.0,0.0,Below the Line,Detalle,,SHOOT,0.0
2701-005,22500.0,22500.0,0.0,Below the Line,Detalle,,WRAP,0.0
2703-002,0.0,0.0,0.0,Below the Line,Detalle,,,0.0
2703-003,70000.0,70000.0,0.0,Below the Line,Detalle,,PREP,0.0
2703-004,70000.0,70000.0,0.0,Below the Line,Detalle,,SHOOT,0.0
2703-005,20000.0,20000.0,0.0,Below the Line,Detalle,,WRAP,0.0
2705-002,0.0,0.0,0.0,Below the Line,Detalle,,,0.0
2705-003,126000.0,126000.0,0.0,Below the Line,Detalle,,PREP,0.0
2705-004,98000.0,98000.0,0.0,Below the Line,Detalle,,SHOOT,0.0
2705-005,28000.0,28000.0,0.0,Below the Line,Detalle,,WRAP,0.0
2706-002,0.0,0.0,0.0,Below the Line,Detalle,,,0.0
2706-003,24000.0,24000.0,0.0,Below the Line,Detalle,,PREP,0.0
2706-004,56000.0,56000.0,0.0,Below the Line,Detalle,,SHOOT,0.0
2706-005,16000.0,16000.0,0.0,Below the Line,Detalle,,WRAP,0.0
2706-008,0.0,0.0,0.0,Below the Line,Detalle,,,0.0
2706-009,8000.0,8000.0,0.0,Below the Line,Detalle,,2nd Unit,0.0
2706-010,16000.0,17500.0,0.0,Below the Line,Detalle,,2nd Unit,-1500.0
2706-011,0.0,0.0,0.0,Below the Line,Detalle,,2nd Unit,0.0
2707-002,0.0,0.0,0.0,Below the Line,Detalle,,,0.0
2707-003,22500.0,22500.0,0.0,Below the Line,Detalle,,PREP,0.0
2707-004,52500.0,52500.0,0.0,Below the Line,Detalle,,SHOOT,0.0
2707-005,15000.0,22500.0,0.0,Below the Line,Detalle,,WRAP,-7500.0
2707-008,0.0,0.0,0.0,Below the Line,Detalle,,,0.0
2707-009,34500.0,34500.0,0.0,Below the Line,Detalle,,PREP,0.0
2707-012,0.0,0.0,0.0,Below the Line,Detalle,,,0.0
2707-013,10000.0,10000.0,0.0,Below the Line,Detalle,,2nd Unit,0.0
2707-014,20000.0,20000.0,0.0,Below the Line,Detalle,,2nd Unit,0.0
2707-015,10000.0,10000.0,0.0,Below the Line,Detalle,,2nd Unit,0.0
2707-018,0.0,0.0,0.0,Below the Line,Detalle,,,0.0
2707-019,7500.0,7500.0,0.0,Below the Line,Detalle,,2nd Unit,0.0
2707-020,15000.0,15000.0,0.0,Below the Line,Detalle,,2nd Unit,0.0
2707-021,7500.0,7500.0,0.0,Below the Line,Detalle,,2nd Unit,0.0
2707-024,0.0,0.0,0.0,Below the Line,Detalle,,,0.0
2707-025,34500.0,116640.0,0.0,Below the Line,Detalle,,SHOOT,-82140.0
2709-002,0.0,0.0,0.0,Below the Line,Detalle,,,0.0
2709-003,10000.0,0.0,0.0,Below the Line,Detalle,,PREP,10000.0
2794-002,0.0,0.0,0.0,Below the Line,Detalle,,,0.0
2794-003,1500000.0,1488476.147,0.0,Below the Line,Detalle,,SHOOT,11523.852999999886
2795-002,0.0,0.0,0.0,Below the Line,Detalle,,,0.0
2795-003,140000.0,99950.0,0.0,Below the Line,Detalle,,ALL SHOW,40050.0
2795-006,0.0,0.0,0.0,Below the Line,Detalle,,,0.0
2795-007,15000.0,0.0,0.0,Below the Line,Detalle,,ALL SHOW,15000.0
2795-010,0.0,0.0,0.0,Below the Line,Detalle,,,0.0
2795-011,63000.0,63000.0,0.0,Below the Line,Detalle,,PREP,0.0
2795-012,63000.0,63000.0,0.0,Below the Line,Detalle,,SHOOT,0.0
2795-013,18000.0,18000.0,0.0,Below the Line,Detalle,,WRAP,0.0
2798-002,0.0,0.0,0.0,Below the Line,Detalle,,,0.0
2798-003,20000.0,0.0,0.0,Below the Line,Detalle,,ALL SHOW,20000.0
2801-002,0.0,0.0,0.0,Below the Line,Detalle,,,0.0
2801-003,147000.0,147000.0,0.0,Below the Line,Detalle,,PREP,0.0
2801-004,147000.0,147000.0,0.0,Below the Line,Detalle,,SHOOT,0.0
2801-005,21000.0,34200.0,0.0,Below the Line,Detalle,,WRAP,-13200.0
2801-008,0.0,0.0,0.0,Below the Line,Detalle,,,0.0
2801-009,61500.0,61500.0,0.0,Below the Line,Detalle,,PREP,0.0
2801-010,86100.0,86100.0,0.0,Below the Line,Detalle,,SHOOT,0.0
2801-011,12300.0,12300.0,0.0,Below the Line,Detalle,,WRAP,0.0
2802-002,0.0,0.0,0.0,Below the Line,Detalle,,,0.0
2802-003,36000.0,36000.0,0.0,Below the Line,Detalle,,PREP,0.0
2802-004,84000.0,84000.0,0.0,Below the Line,Detalle,,SHOOT,0.0
2802-005,0.0,0.0,0.0,Below the Line,Detalle,,WRAP,0.0
2802-008,0.0,0.0,0.0,Below the Line,Detalle,,,0.0
2802-009,10300.0,10500.0,0.0,Below the Line,Detalle,,PREP,-200.0
2802-010,72100.0,71900.0,0.0,Below the Line,Detalle,,SHOOT,200.0
2802-013,0.0,0.0,0.0,Below the Line,Detalle,,,0.0
2802-014,9000.0,8000.0,0.0,Below the Line,Detalle,,2nd Unit,1000.0
2802-015,18000.0,16000.0,0.0,Below the Line,Detalle,,2nd Unit,2000.0
2802-016,0.0,0.0,0.0,Below the Line,Detalle,,2nd Unit,0.0
2802-019,0.0,0.0,0.0,Below the Line,Detalle,,,0.0
2802-020,8000.0,9000.0,0.0,Below the Line,Detalle,,2nd Unit,-1000.0
2802-021,16000.0,18000.0,0.0,Below the Line,Detalle,,2nd Unit,-2000.0
2802-022,0.0,0.0,0.0,Below the Line,Detalle,,2nd Unit,0.0
2804-002,0.0,0.0,0.0,Below the Line,Detalle,,,0.0
2804-003,36000.0,36000.0,0.0,Below the Line,Detalle,,PREP,0.0
2804-004,84000.0,84000.0,0.0,Below the Line,Detalle,,SHOOT,0.0
2804-005,0.0,0.0,0.0,Below the Line,Detalle,,WRAP,0.0
2805-002,0.0,0.0,0.0,Below the Line,Detalle,,,0.0
2805-003,9300.0,9300.0,0.0,Below the Line,Detalle,,PREP,0.0
2805-004,65100.0,65100.0,0.0,Below the Line,Detalle,,SHOOT,0.0
2805-005,0.0,0.0,0.0,Below the Line,Detalle,,WRAP,0.0
2805-008,0.0,0.0,0.0,Below the Line,Detalle,,,0.0
2805-009,8000.0,8000.0,0.0,Below the Line,Detalle,,2nd Unit,0.0
2805-010,16000.0,16000.0,0.0,Below the Line,Detalle,,2nd Unit,0.0
2805-013,0.0,0.0,0.0,Below the Line,Detalle,,,0.0
2805-014,8000.0,8000.0,0.0,Below the Line,Detalle,,2nd Unit,0.0
2805-015,16000.0,16000.0,0.0,Below the Line,Detalle,,2nd Unit,0.0
2805-018,0.0,0.0,0.0,Below the Line,Detalle,,,0.0
2805-019,37500.0,27000.0,0.0,Below the Line,Detalle,,SHOOT,10500.0
2808-002,0.0,0.0,0.0,Below the Line,Detalle,,,0.0
2808-003,120000.0,135637.142,0.0,Below the Line,Detalle,,ALL SHOW,-15637.141999999993
2885-002,0.0,0.0,0.0,Below the Line,Detalle,,,0.0
2885-003,80000.0,12757.96,0.0,Below the Line,Detalle,,ALL SHOW,67242.04000000001
2902-002,0.0,0.0,0.0,Below the Line,Detalle,,,0.0
2902-003,3579.45,0.0,0.0,Below the Line,Detalle,,PREP,3579.45
2902-004,100224.6,100203.6,0.0,Below the Line,Detalle,,SHOOT,21.0
2902-005,7158.9,0.0,0.0,Below the Line,Detalle,,WRAP,7158.9
2902-008,0.0,0.0,0.0,Below the Line,Detalle,,,0.0
2902-009,0.0,0.0,0.0,Below the Line,Detalle,,PREP,0.0
2902-010,100224.6,100203.6,0.0,Below the Line,Detalle,,SHOOT,21.0
2902-011,7158.9,7157.4,0.0,Below the Line,Detalle,,WRAP,1.5
2902-014,0.0,0.0,0.0,Below the Line,Detalle,,,0.0
2902-015,0.0,0.0,0.0,Below the Line,Detalle,,PREP,0.0
2902-016,100224.6,100198.2,0.0,Below the Line,Detalle,,SHOOT,26.40000000000873
2902-017,7158.9,7157.4,0.0,Below the Line,Detalle,,WRAP,1.5
2902-020,0.0,0.0,0.0,Below the Line,Detalle,,,0.0
2902-021,7158.9,0.0,0.0,Below the Line,Detalle,,2nd Unit,7158.9
2902-022,28635.6,2385.8,0.0,Below the Line,Detalle,,2nd Unit,26249.8
2902-023,7158.9,0.0,0.0,Below the Line,Detalle,,2nd Unit,7158.9
2902-026,0.0,0.0,0.0,Below the Line,Detalle,,,0.0
2902-027,7158.9,0.0,0.0,Below the Line,Detalle,,2nd Unit,7158.9
2902-028,28635.6,28634.0,0.0,Below the Line,Detalle,,2nd Unit,1.5999999999985448
2902-029,7158.9,0.0,0.0,Below the Line,Detalle,,2nd Unit,7158.9
2911-002,0.0,0.0,0.0,Below the Line,Detalle,,,0.0
2911-003,60000.0,9543.2,0.0,Below the Line,Detalle,,SHOOT,50456.8
2985-002,0.0,0.0,0.0,Below the Line,Detalle,,,0.0
2985-003,78750.0,7700.0,0.0,Below the Line,Detalle,,ALL SHOW,71050.0
2998-001,0.0,0.0,0.0,Below the Line,Detalle,,Fringes,0.0
2998-002,0.0,0.0,0.0,Below the Line,Detalle,,,0.0
2998-003,80000.0,0.0,0.0,Below the Line,Detalle,,ALL SHOW,80000.0
3001-002,0.0,0.0,0.0,Below the Line,Detalle,,,0.0
3001-003,17622.15,17622.15,0.0,Below the Line,Detalle,,PREP,0.0
3001-004,123355.05,123354.13,0.0,Below the Line,Detalle,,SHOOT,0.9199999999982538
3001-005,17622.15,0.0,0.0,Below the Line,Detalle,,WRAP,17622.15
3001-008,0.0,0.0,0.0,Below the Line,Detalle,,,0.0
3001-009,8811.08,0.0,0.0,Below the Line,Detalle,,2nd Unit,8811.08
3001-010,35244.3,38551.65,0.0,Below the Line,Detalle,,2nd Unit,-3307.3499999999985
3001-011,8811.08,0.0,0.0,Below the Line,Detalle,,2nd Unit,8811.08
3002-002,0.0,0.0,0.0,Below the Line,Detalle,,,0.0
3002-003,3579.45,7157.4,0.0,Below the Line,Detalle,,PREP,-3577.95
3002-004,100224.6,100205.04,0.0,Below the Line,Detalle,,SHOOT,19.560000000012224
3002-005,7158.9,0.0,0.0,Below the Line,Detalle,,WRAP,7158.9
3002-008,0.0,0.0,0.0,Below the Line,Detalle,,,0.0
3002-009,3579.45,0.0,0.0,Below the Line,Detalle,,PREP,3579.45
3002-010,100224.6,78737.4,0.0,Below the Line,Detalle,,SHOOT,21487.20000000001
3002-011,7158.9,0.0,0.0,Below the Line,Detalle,,WRAP,7158.9
3002-014,0.0,0.0,0.0,Below the Line,Detalle,,,0.0
3002-015,3579.45,7157.4,0.0,Below the Line,Detalle,,PREP,-3577.95
3002-016,100224.6,104975.2,0.0,Below the Line,Detalle,,SHOOT,-4750.599999999991
3002-017,7158.9,0.0,0.0,Below the Line,Detalle,,WRAP,7158.9
3002-020,0.0,0.0,0.0,Below the Line,Detalle,,,0.0
3002-021,0.0,0.0,0.0,Below the Line,Detalle,,2nd Unit,0.0
3002-022,28635.6,57263.6,0.0,Below the Line,Detalle,,2nd Unit,-28628.0
3002-023,0.0,0.0,0.0,Below the Line,Detalle,,2nd Unit,0.0
3002-026,0.0,0.0,0.0,Below the Line,Detalle,,,0.0
3002-027,0.0,0.0,0.0,Below the Line,Detalle,,2nd Unit,0.0
3002-028,28635.6,33405.97,0.0,Below the Line,Detalle,,2nd Unit,-4770.370000000003
3002-029,0.0,0.0,0.0,Below the Line,Detalle,,2nd Unit,0.0
3002-032,0.0,0.0,0.0,Below the Line,Detalle,,,0.0
3002-033,0.0,0.0,0.0,Below the Line,Detalle,,2nd Unit,0.0
3002-034,28635.6,31134.0,0.0,Below the Line,Detalle,,2nd Unit,-2498.4000000000015
3002-035,0.0,0.0,0.0,Below the Line,Detalle,,2nd Unit,0.0
3003-002,0.0,0.0,0.0,Below the Line,Detalle,,,0.0
3003-003,6037.5,0.0,0.0,Below the Line,Detalle,,PREP,6037.5
3003-004,84525.0,84490.0,0.0,Below the Line,Detalle,,SHOOT,35.0
3003-005,6037.5,4023.32,0.0,Below the Line,Detalle,,WRAP,2014.1799999999998
3003-008,0.0,0.0,0.0,Below the Line,Detalle,,,0.0
3003-009,4887.5,3258.33,0.0,Below the Line,Detalle,,PREP,1629.17
3003-010,68425.0,68425.0,0.0,Below the Line,Detalle,,SHOOT,0.0
3003-011,4887.5,3258.33,0.0,Below the Line,Detalle,,WRAP,1629.17
3003-014,0.0,0.0,0.0,Below the Line,Detalle,,,0.0
3003-015,5175.0,3450.0,0.0,Below the Line,Detalle,,PREP,1725.0
3003-016,72450.0,72450.0,0.0,Below the Line,Detalle,,SHOOT,0.0
3003-017,5175.0,3450.0,0.0,Below the Line,Detalle,,WRAP,1725.0
3003-020,0.0,0.0,0.0,Below the Line,Detalle,,,0.0
3003-021,5175.0,3450.0,0.0,Below the Line,Detalle,,PREP,1725.0
3003-022,72450.0,72450.0,0.0,Below the Line,Detalle,,SHOOT,0.0
3003-023,5175.0,8450.0,0.0,Below the Line,Detalle,,WRAP,-3275.0
3003-026,0.0,0.0,0.0,Below the Line,Detalle,,,0.0
3003-027,6037.5,0.0,0.0,Below the Line,Detalle,,2nd Unit,6037.5
3003-028,24150.0,0.0,0.0,Below the Line,Detalle,,2nd Unit,24150.0
3003-029,6037.5,0.0,0.0,Below the Line,Detalle,,2nd Unit,6037.5
3003-032,0.0,0.0,0.0,Below the Line,Detalle,,,0.0
3003-033,4887.5,0.0,0.0,Below the Line,Detalle,,2nd Unit,4887.5
3003-034,19550.0,0.0,0.0,Below the Line,Detalle,,2nd Unit,19550.0
3003-035,4887.5,0.0,0.0,Below the Line,Detalle,,2nd Unit,4887.5
3003-038,0.0,0.0,0.0,Below the Line,Detalle,,,0.0
3003-039,5175.0,6900.0,0.0,Below the Line,Detalle,,2nd Unit,-1725.0
3003-040,20700.0,20700.0,0.0,Below the Line,Detalle,,2nd Unit,0.0
3003-041,5175.0,0.0,0.0,Below the Line,Detalle,,2nd Unit,5175.0
3003-044,0.0,0.0,0.0,Below the Line,Detalle,,,0.0
3003-045,5175.0,0.0,0.0,Below the Line,Detalle,,2nd Unit,5175.0
3003-046,20700.0,0.0,0.0,Below the Line,Detalle,,2nd Unit,20700.0
3003-047,5175.0,0.0,0.0,Below the Line,Detalle,,2nd Unit,5175.0
3004-002,0.0,0.0,0.0,Below the Line,Detalle,,,0.0
3004-003,0.0,0.0,0.0,Below the Line,Detalle,,PREP,0.0
3004-004,68425.0,68425.0,0.0,Below the Line,Detalle,,SHOOT,0.0
3004-005,4887.5,3258.32,0.0,Below the Line,Detalle,,WRAP,1629.1799999999998
3004-008,0.0,0.0,0.0,Below the Line,Detalle,,,0.0
3004-009,0.0,0.0,0.0,Below the Line,Detalle,,PREP,0.0
3004-010,19550.0,0.0,0.0,Below the Line,Detalle,,SHOOT,19550.0
3004-011,4887.5,0.0,0.0,Below the Line,Detalle,,WRAP,4887.5
3004-014,0.0,0.0,0.0,Below the Line,Detalle,,,0.0
3004-015,0.0,0.0,0.0,Below the Line,Detalle,,2nd Unit,0.0
3004-016,19550.0,0.0,0.0,Below the Line,Detalle,,2nd Unit,19550.0
3004-017,0.0,0.0,0.0,Below the Line,Detalle,,2nd Unit,0.0
3085-002,0.0,0.0,0.0,Below the Line,Detalle,,,0.0
3085-003,115000.0,11296.55,0.0,Below the Line,Detalle,,ALL SHOW,103703.45
3085-004,120000.0,57844.82,0.0,Below the Line,Detalle,,ALL SHOW,62155.18
3091-002,0.0,0.0,0.0,Below the Line,Detalle,,,0.0
3091-003,60000.0,20500.0,0.0,Below the Line,Detalle,,SHOOT,39500.0
3091-006,0.0,0.0,0.0,Below the Line,Detalle,,,0.0
3091-007,33750.0,54633.33,0.0,Below the Line,Detalle,,2nd Unit,-20883.33
3098-002,0.0,0.0,0.0,Below the Line,Detalle,,,0.0
3098-003,80000.0,0.0,0.0,Below the Line,Detalle,,ALL SHOW,80000.0
3101-002,0.0,0.0,0.0,Below the Line,Detalle,,,0.0
3101-003,21000.0,21000.0,0.0,Below the Line,Detalle,,SOFT,0.0
3101-004,378000.0,378000.0,0.0,Below the Line,Detalle,,PREP,0.0
3101-005,367500.0,367500.0,0.0,Below the Line,Detalle,,SHOOT,0.0
3101-006,100000.0,100000.0,0.0,Below the Line,Detalle,,WRAP,0.0
3101-009,0.0,0.0,0.0,Below the Line,Detalle,,,0.0
3101-010,52500.0,52500.0,0.0,Below the Line,Detalle,,2nd Unit,0.0
3101-011,70000.0,70000.0,0.0,Below the Line,Detalle,,2nd Unit,0.0
3101-013,0.0,14000.0,0.0,Below the Line,Detalle,,2nd Unit,-14000.0
3102-002,0.0,0.0,0.0,Below the Line,Detalle,,,0.0
3102-003,13125.0,4333.33,0.0,Below the Line,Detalle,,PREP,8791.67
3102-004,183750.0,182000.0,0.0,Below the Line,Detalle,,SHOOT,1750.0
3102-005,0.0,0.0,0.0,Below the Line,Detalle,,WRAP,0.0
3102-008,0.0,0.0,0.0,Below the Line,Detalle,,,0.0
3102-009,13125.0,13125.0,0.0,Below the Line,Detalle,,PREP,0.0
3102-010,183750.0,183750.0,0.0,Below the Line,Detalle,,SHOOT,0.0
3102-011,0.0,0.0,0.0,Below the Line,Detalle,,WRAP,0.0
3102-014,0.0,0.0,0.0,Below the Line,Detalle,,,0.0
3102-015,13125.0,13000.0,0.0,Below the Line,Detalle,,2nd Unit,125.0
3102-016,52500.0,52000.0,0.0,Below the Line,Detalle,,2nd Unit,500.0
3102-019,0.0,0.0,0.0,Below the Line,Detalle,,,0.0
3102-020,13125.0,17500.0,0.0,Below the Line,Detalle,,2nd Unit,-4375.0
3102-021,52500.0,52500.0,0.0,Below the Line,Detalle,,2nd Unit,0.0
3102-024,0.0,0.0,0.0,Below the Line,Detalle,,,0.0
3102-025,75833.29,93333.32,0.0,Below the Line,Detalle,,SHOOT,-17500.030000000013
3102-028,0.0,0.0,0.0,Below the Line,Detalle,,,0.0
3102-029,4375.0,4375.0,0.0,Below the Line,Detalle,,SHOOT,0.0
3102-031,0.0,21666.66,0.0,Below the Line,Detalle,,SHOOT,-21666.66
3104-002,0.0,0.0,0.0,Below the Line,Detalle,,,0.0
3104-003,21500.0,19706.5,0.0,Below the Line,Detalle,,PREP,1793.5
3104-004,150500.0,157666.66,0.0,Below the Line,Detalle,,SHOOT,-7166.6600000000035
3104-007,0.0,0.0,0.0,Below the Line,Detalle,,,0.0
3104-008,10750.0,3583.33,0.0,Below the Line,Detalle,,PREP,7166.67
3104-009,150500.0,150500.0,0.0,Below the Line,Detalle,,SHOOT,0.0
3104-012,0.0,0.0,0.0,Below the Line,Detalle,,,0.0
3104-013,10750.0,10750.0,0.0,Below the Line,Detalle,,2nd Unit,0.0
3104-014,43000.0,50166.66,0.0,Below the Line,Detalle,,2nd Unit,-7166.6600000000035
3104-017,0.0,0.0,0.0,Below the Line,Detalle,,,0.0
3104-018,10750.0,0.0,0.0,Below the Line,Detalle,,2nd Unit,10750.0
3104-019,43000.0,15000.0,0.0,Below the Line,Detalle,,2nd Unit,28000.0
3104-022,0.0,0.0,0.0,Below the Line,Detalle,,,0.0
3104-023,46583.29,7166.66,0.0,Below the Line,Detalle,,SHOOT,39416.630000000005
3104-026,0.0,0.0,0.0,Below the Line,Detalle,,,0.0
3104-027,3583.33,17500.0,0.0,Below the Line,Detalle,,SHOOT,-13916.67
3104-029,0.0,35083.31,0.0,Below the Line,Detalle,,SHOOT,-35083.31
3108-002,0.0,0.0,0.0,Below the Line,Detalle,,,0.0
3108-003,0.0,0.0,0.0,Below the Line,Detalle,,PREP,0.0
3108-004,98000.0,56000.0,0.0,Below the Line,Detalle,,SHOOT,42000.0
3108-007,0.0,0.0,0.0,Below the Line,Detalle,,,0.0
3108-008,28000.0,70000.0,0.0,Below the Line,Detalle,,2nd Unit,-42000.0
3109-002,0.0,0.0,0.0,Below the Line,Detalle,,,0.0
3109-003,9250.0,0.0,0.0,Below the Line,Detalle,,PREP,9250.0
3109-004,129500.0,140000.0,0.0,Below the Line,Detalle,,SHOOT,-10500.0
3109-007,0.0,0.0,0.0,Below the Line,Detalle,,,0.0
3109-008,36000.0,43333.0,0.0,Below the Line,Detalle,,2nd Unit,-7333.0
3109-010,0.0,20000.0,0.0,Below the Line,Detalle,,2nd Unit,-20000.0
3110-002,0.0,0.0,0.0,Below the Line,Detalle,,,0.0
3110-003,125000.0,64700.0,0.0,Below the Line,Detalle,,SHOOT,60300.0
3112-002,0.0,0.0,0.0,Below the Line,Detalle,,,0.0
3112-003,238000.0,238000.0,0.0,Below the Line,Detalle,,SHOOT,0.0
3112-006,0.0,0.0,0.0,Below the Line,Detalle,,,0.0
3112-007,34000.0,34000.0,0.0,Below the Line,Detalle,,2nd Unit,0.0
3145-002,0.0,0.0,0.0,Below the Line,Detalle,,,0.0
3145-003,8625.0,0.0,0.0,Below the Line,Detalle,,PREP,8625.0
3145-004,120750.0,120750.0,0.0,Below the Line,Detalle,,SHOOT,0.0
3145-005,8625.0,5750.0,0.0,Below the Line,Detalle,,WRAP,2875.0
3145-008,0.0,0.0,0.0,Below the Line,Detalle,,,0.0
3145-009,8625.0,5750.0,0.0,Below the Line,Detalle,,PREP,2875.0
3145-010,120750.0,120750.0,0.0,Below the Line,Detalle,,SHOOT,0.0
3145-011,8625.0,5750.0,0.0,Below the Line,Detalle,,WRAP,2875.0
3145-014,0.0,0.0,0.0,Below the Line,Detalle,,,0.0
3145-015,7500.0,7500.0,0.0,Below the Line,Detalle,,PREP,0.0
3145-016,105000.0,107500.0,0.0,Below the Line,Detalle,,SHOOT,-2500.0
3145-019,0.0,0.0,0.0,Below the Line,Detalle,,,0.0
3145-020,7500.0,7500.0,0.0,Below the Line,Detalle,,PREP,0.0
3145-021,105000.0,77500.0,0.0,Below the Line,Detalle,,SHOOT,27500.0
3145-024,0.0,0.0,0.0,Below the Line,Detalle,,,0.0
3145-025,7500.0,5000.0,0.0,Below the Line,Detalle,,PREP,2500.0
3145-026,105000.0,105000.0,0.0,Below the Line,Detalle,,SHOOT,0.0
3145-029,0.0,0.0,0.0,Below the Line,Detalle,,,0.0
3145-030,3750.0,3750.0,0.0,Below the Line,Detalle,,PREP,0.0
3145-031,52500.0,56250.0,0.0,Below the Line,Detalle,,SHOOT,-3750.0
3145-034,0.0,0.0,0.0,Below the Line,Detalle,,,0.0
3145-035,9000.0,0.0,0.0,Below the Line,Detalle,,SHOOT,9000.0
3145-038,0.0,0.0,0.0,Below the Line,Detalle,,,0.0
3145-039,8625.0,0.0,0.0,Below the Line,Detalle,,2nd Unit,8625.0
3145-040,34500.0,63250.0,0.0,Below the Line,Detalle,,2nd Unit,-28750.0
3145-041,8625.0,0.0,0.0,Below the Line,Detalle,,2nd Unit,8625.0
3145-044,0.0,0.0,0.0,Below the Line,Detalle,,,0.0
3145-045,8625.0,11500.0,0.0,Below the Line,Detalle,,2nd Unit,-2875.0
3145-046,34500.0,34500.0,0.0,Below the Line,Detalle,,2nd Unit,0.0
3145-047,8625.0,0.0,0.0,Below the Line,Detalle,,2nd Unit,8625.0
3145-050,0.0,0.0,0.0,Below the Line,Detalle,,,0.0
3145-051,7500.0,7500.0,0.0,Below the Line,Detalle,,2nd Unit,0.0
3145-052,30000.0,45000.0,0.0,Below the Line,Detalle,,2nd Unit,-15000.0
3145-055,0.0,0.0,0.0,Below the Line,Detalle,,,0.0
3145-056,0.0,0.0,0.0,Below the Line,Detalle,,SHOOT,0.0
3145-059,0.0,0.0,0.0,Below the Line,Detalle,,,0.0
3145-060,8625.0,0.0,0.0,Below the Line,Detalle,,SHOOT,8625.0
3145-063,0.0,0.0,0.0,Below the Line,Detalle,,,0.0
3145-064,8625.0,9875.0,0.0,Below the Line,Detalle,,SHOOT,-1250.0
3145-066,0.0,34749.990000000005,0.0,Below the Line,Detalle,,SHOOT,-34749.990000000005
3145-068,0.0,0.0,0.0,Below the Line,Detalle,,SHOOT,0.0
3145-070,0.0,0.0,0.0,Below the Line,Detalle,,SHOOT,0.0
3185-002,0.0,0.0,0.0,Below the Line,Detalle,,,0.0
3185-003,120000.0,67265.44,0.0,Below the Line,Detalle,,ALL SHOW,52734.56
3192-002,0.0,0.0,0.0,Below the Line,Detalle,,,0.0
3192-003,0.0,0.0,0.0,Below the Line,Detalle,,SHOOT,0.0
3192-004,0.0,0.0,0.0,Below the Line,Detalle,,SHOOT,0.0
3192-005,0.0,0.0,0.0,Below the Line,Detalle,,SHOOT,0.0
3192-006,0.0,0.0,0.0,Below the Line,Detalle,,SHOOT,0.0
3192-007,0.0,0.0,0.0,Below the Line,Detalle,,SHOOT,0.0
3192-008,0.0,0.0,0.0,Below the Line,Detalle,,SHOOT,0.0
3192-009,0.0,0.0,0.0,Below the Line,Detalle,,SHOOT,0.0
3192-010,0.0,0.0,0.0,Below the Line,Detalle,,SHOOT,0.0
3192-011,0.0,0.0,0.0,Below the Line,Detalle,,SHOOT,0.0
3192-012,0.0,0.0,0.0,Below the Line,Detalle,,SHOOT,0.0
3192-013,0.0,0.0,0.0,Below the Line,Detalle,,SHOOT,0.0
3192-014,0.0,0.0,0.0,Below the Line,Detalle,,SHOOT,0.0
3192-015,252000.0,134000.0,0.0,Below the Line,Detalle,,SHOOT,118000.0
3192-018,0.0,0.0,0.0,Below the Line,Detalle,,,0.0
3192-019,72000.0,0.0,0.0,Below the Line,Detalle,,2nd Unit,72000.0
3192-021,0.0,0.0,0.0,Below the Line,Detalle,,2nd Unit,0.0
3193-002,0.0,0.0,0.0,Below the Line,Detalle,,,0.0
3193-004,0.0,0.0,0.0,Below the Line,Detalle,,,0.0
3193-005,0.0,0.0,0.0,Below the Line,Detalle,,SHOOT,0.0
3193-006,0.0,0.0,0.0,Below the Line,Detalle,,SHOOT,0.0
3193-007,0.0,0.0,0.0,Below the Line,Detalle,,SHOOT,0.0
3193-008,0.0,0.0,0.0,Below the Line,Detalle,,SHOOT,0.0
3193-009,0.0,0.0,0.0,Below the Line,Detalle,,SHOOT,0.0
3193-010,0.0,0.0,0.0,Below the Line,Detalle,,SHOOT,0.0
3193-011,0.0,0.0,0.0,Below the Line,Detalle,,SHOOT,0.0
3193-012,0.0,0.0,0.0,Below the Line,Detalle,,SHOOT,0.0
3193-013,0.0,0.0,0.0,Below the Line,Detalle,,SHOOT,0.0
3193-014,0.0,0.0,0.0,Below the Line,Detalle,,SHOOT,0.0
3193-015,0.0,0.0,0.0,Below the Line,Detalle,,SHOOT,0.0
3193-016,0.0,0.0,0.0,Below the Line,Detalle,,SHOOT,0.0
3193-017,0.0,0.0,0.0,Below the Line,Detalle,,SHOOT,0.0
3193-018,0.0,0.0,0.0,Below the Line,Detalle,,SHOOT,0.0
3193-019,0.0,0.0,0.0,Below the Line,Detalle,,SHOOT,0.0
3193-020,0.0,0.0,0.0,Below the Line,Detalle,,SHOOT,0.0
3193-021,0.0,0.0,0.0,Below the Line,Detalle,,SHOOT,0.0
3193-022,0.0,0.0,0.0,Below the Line,Detalle,,SHOOT,0.0
3193-023,0.0,0.0,0.0,Below the Line,Detalle,,SHOOT,0.0
3193-024,0.0,0.0,0.0,Below the Line,Detalle,,SHOOT,0.0
3193-025,0.0,0.0,0.0,Below the Line,Detalle,,SHOOT,0.0
3193-026,0.0,0.0,0.0,Below the Line,Detalle,,SHOOT,0.0
3193-027,0.0,0.0,0.0,Below the Line,Detalle,,SHOOT,0.0
3193-028,0.0,0.0,0.0,Below the Line,Detalle,,SHOOT,0.0
3193-029,0.0,0.0,0.0,Below the Line,Detalle,,SHOOT,0.0
3193-030,0.0,0.0,0.0,Below the Line,Detalle,,SHOOT,0.0
3193-031,0.0,0.0,0.0,Below the Line,Detalle,,SHOOT,0.0
3193-032,0.0,0.0,0.0,Below the Line,Detalle,,SHOOT,0.0
3193-033,0.0,0.0,0.0,Below the Line,Detalle,,SHOOT,0.0
3193-034,0.0,0.0,0.0,Below the Line,Detalle,,SHOOT,0.0
3193-035,0.0,0.0,0.0,Below the Line,Detalle,,SHOOT,0.0
3193-036,0.0,0.0,0.0,Below the Line,Detalle,,SHOOT,0.0
3193-037,0.0,0.0,0.0,Below the Line,Detalle,,SHOOT,0.0
3193-038,0.0,0.0,0.0,Below the Line,Detalle,,SHOOT,0.0
3193-039,0.0,0.0,0.0,Below the Line,Detalle,,SHOOT,0.0
3193-040,0.0,0.0,0.0,Below the Line,Detalle,,SHOOT,0.0
3193-041,2414076.0,2414076.0,0.0,Below the Line,Detalle,,SHOOT,0.0
3193-044,0.0,0.0,0.0,Below the Line,Detalle,,,0.0
3193-045,2110037.4,2110037.4,0.0,Below the Line,Detalle,,SHOOT,0.0
3193-048,0.0,0.0,0.0,Below the Line,Detalle,,,0.0
3193-049,0.0,0.0,0.0,Below the Line,Detalle,,2nd Unit,0.0
3193-050,0.0,0.0,0.0,Below the Line,Detalle,,2nd Unit,0.0
3193-051,0.0,0.0,0.0,Below the Line,Detalle,,2nd Unit,0.0
3193-052,0.0,0.0,0.0,Below the Line,Detalle,,2nd Unit,0.0
3193-053,0.0,0.0,0.0,Below the Line,Detalle,,2nd Unit,0.0
3193-054,0.0,0.0,0.0,Below the Line,Detalle,,2nd Unit,0.0
3193-055,0.0,0.0,0.0,Below the Line,Detalle,,2nd Unit,0.0
3193-056,0.0,0.0,0.0,Below the Line,Detalle,,2nd Unit,0.0
3193-057,0.0,0.0,0.0,Below the Line,Detalle,,2nd Unit,0.0
3193-058,0.0,0.0,0.0,Below the Line,Detalle,,2nd Unit,0.0
3193-059,0.0,0.0,0.0,Below the Line,Detalle,,2nd Unit,0.0
3193-060,0.0,0.0,0.0,Below the Line,Detalle,,2nd Unit,0.0
3193-061,0.0,0.0,0.0,Below the Line,Detalle,,2nd Unit,0.0
3193-062,0.0,0.0,0.0,Below the Line,Detalle,,2nd Unit,0.0
3193-063,0.0,0.0,0.0,Below the Line,Detalle,,2nd Unit,0.0
3193-064,0.0,0.0,0.0,Below the Line,Detalle,,2nd Unit,0.0
3193-065,0.0,0.0,0.0,Below the Line,Detalle,,2nd Unit,0.0
3193-066,0.0,0.0,0.0,Below the Line,Detalle,,2nd Unit,0.0
3193-067,0.0,0.0,0.0,Below the Line,Detalle,,2nd Unit,0.0
3193-068,0.0,0.0,0.0,Below the Line,Detalle,,2nd Unit,0.0
3193-069,0.0,0.0,0.0,Below the Line,Detalle,,2nd Unit,0.0
3193-070,0.0,0.0,0.0,Below the Line,Detalle,,2nd Unit,0.0
3193-071,0.0,0.0,0.0,Below the Line,Detalle,,2nd Unit,0.0
3193-072,0.0,0.0,0.0,Below the Line,Detalle,,2nd Unit,0.0
3193-073,0.0,0.0,0.0,Below the Line,Detalle,,2nd Unit,0.0
3193-074,0.0,0.0,0.0,Below the Line,Detalle,,2nd Unit,0.0
3193-075,0.0,0.0,0.0,Below the Line,Detalle,,2nd Unit,0.0
3193-076,0.0,0.0,0.0,Below the Line,Detalle,,2nd Unit,0.0
3193-077,0.0,0.0,0.0,Below the Line,Detalle,,2nd Unit,0.0
3193-078,0.0,0.0,0.0,Below the Line,Detalle,,2nd Unit,0.0
3193-079,0.0,0.0,0.0,Below the Line,Detalle,,2nd Unit,0.0
3193-080,0.0,0.0,0.0,Below the Line,Detalle,,2nd Unit,0.0
3193-081,0.0,0.0,0.0,Below the Line,Detalle,,2nd Unit,0.0
3193-082,764239.0,764239.0,0.0,Below the Line,Detalle,,2nd Unit,0.0
3193-085,0.0,0.0,0.0,Below the Line,Detalle,,,0.0
3193-086,253876.0,253876.0,0.0,Below the Line,Detalle,,2nd Unit,0.0
3193-089,0.0,0.0,0.0,Below the Line,Detalle,,,0.0
3193-090,286068.72,673533.8799999999,0.0,Below the Line,Detalle,,SHOOT,-387465.1599999999
3193-093,0.0,0.0,0.0,Below the Line,Detalle,,,0.0
3193-094,172000.0,183373.28,0.0,Below the Line,Detalle,,SHOOT,-11373.279999999999
3193-097,0.0,0.0,0.0,Below the Line,Detalle,,,0.0
3193-098,119000.0,119000.0,0.0,Below the Line,Detalle,,SHOOT,0.0
3193-099,94500.0,61600.0,0.0,Below the Line,Detalle,,SHOOT,32900.0
3193-100,0.0,0.0,0.0,Below the Line,Detalle,,SHOOT,0.0
3193-101,49000.0,49000.0,0.0,Below the Line,Detalle,,SHOOT,0.0
3193-102,0.0,0.0,0.0,Below the Line,Detalle,,SHOOT,0.0
3193-103,52500.0,52500.0,0.0,Below the Line,Detalle,,SHOOT,0.0
3193-104,49000.0,49000.0,0.0,Below the Line,Detalle,,SHOOT,0.0
3193-105,189000.0,196500.0,0.0,Below the Line,Detalle,,SHOOT,-7500.0
3193-106,120000.0,146000.0,0.0,Below the Line,Detalle,,SHOOT,-26000.0
3193-107,63000.0,63400.0,0.0,Below the Line,Detalle,,SHOOT,-400.0
3193-110,0.0,0.0,0.0,Below the Line,Detalle,,,0.0
3193-111,90000.0,91800.0,0.0,Below the Line,Detalle,,SHOOT,-1800.0
3193-114,0.0,0.0,0.0,Below the Line,Detalle,,,0.0
3193-115,294000.0,366172.78,0.0,Below the Line,Detalle,,2nd Unit,-72172.78000000003
3193-117,0.0,112500.0,0.0,Below the Line,Detalle,,2nd Unit,-112500.0
3193-119,0.0,48600.0,0.0,Below the Line,Detalle,,2nd Unit,-48600.0
3198-002,0.0,0.0,0.0,Below the Line,Detalle,,,0.0
3198-003,300000.0,30357.0,0.0,Below the Line,Detalle,,SHOOT,269643.0
3201-002,0.0,0.0,0.0,Below the Line,Detalle,,,0.0
3201-003,16000.0,16000.0,0.0,Below the Line,Detalle,,PREP,0.0
3201-004,112000.0,120700.0,0.0,Below the Line,Detalle,,SHOOT,-8700.0
3201-005,84000.0,120500.0,0.0,Below the Line,Detalle,,SHOOT,-36500.0
3201-006,63000.0,63000.0,0.0,Below the Line,Detalle,,SHOOT,0.0
3201-007,98000.0,98000.0,0.0,Below the Line,Detalle,,SHOOT,0.0
3201-008,8500.0,14533.33,0.0,Below the Line,Detalle,,SHOOT,-6033.33
3201-011,0.0,0.0,0.0,Below the Line,Detalle,,,0.0
3201-012,32000.0,11000.0,0.0,Below the Line,Detalle,,2nd Unit,21000.0
3201-013,24000.0,24000.0,0.0,Below the Line,Detalle,,2nd Unit,0.0
3201-014,18000.0,24000.0,0.0,Below the Line,Detalle,,2nd Unit,-6000.0
3201-015,28000.0,28000.0,0.0,Below the Line,Detalle,,2nd Unit,0.0
3220-002,0.0,0.0,0.0,Below the Line,Detalle,,,0.0
3220-003,294000.0,517000.0,0.0,Below the Line,Detalle,,SHOOT,-223000.0
3220-006,0.0,0.0,0.0,Below the Line,Detalle,,,0.0
3220-007,84000.0,165450.76,0.0,Below the Line,Detalle,,2nd Unit,-81450.76000000001
3220-010,0.0,0.0,0.0,Below the Line,Detalle,,,0.0
3220-011,42000.0,0.0,0.0,Below the Line,Detalle,,SHOOT,42000.0
3220-014,0.0,0.0,0.0,Below the Line,Detalle,,,0.0
3220-015,12000.0,28000.0,0.0,Below the Line,Detalle,,2nd Unit,-16000.0
3220-018,0.0,0.0,0.0,Below the Line,Detalle,,,0.0
3220-019,28000.0,36000.0,0.0,Below the Line,Detalle,,SHOOT,-8000.0
3220-020,2500.0,0.0,0.0,Below the Line,Detalle,,SHOOT,2500.0
3292-002,0.0,0.0,0.0,Below the Line,Detalle,,,0.0
3292-003,126000.0,126000.0,0.0,Below the Line,Detalle,,SHOOT,0.0
3292-006,0.0,0.0,0.0,Below the Line,Detalle,,,0.0
3292-007,27000.0,32250.0,0.0,Below the Line,Detalle,,2nd Unit,-5250.0
3294-002,0.0,0.0,0.0,Below the Line,Detalle,,,0.0
3294-003,20000.0,13125.76,0.0,Below the Line,Detalle,,ALL SHOW,6874.24
3298-002,0.0,0.0,0.0,Below the Line,Detalle,,,0.0
3298-003,20000.0,35017.56,0.0,Below the Line,Detalle,,ALL SHOW,-15017.559999999998
3305-002,0.0,0.0,0.0,Below the Line,Detalle,,,0.0
3305-003,19000.0,19000.0,0.0,Below the Line,Detalle,,SHOOT,0.0
3305-004,20000.0,20000.0,0.0,Below the Line,Detalle,,SHOOT,0.0
3305-005,4500.0,4500.0,0.0,Below the Line,Detalle,,SHOOT,0.0
3305-006,12000.0,12000.0,0.0,Below the Line,Detalle,,SHOOT,0.0
3305-007,78000.0,320700.0,0.0,Below the Line,Detalle,,SHOOT,-242700.0
3305-010,0.0,0.0,0.0,Below the Line,Detalle,,,0.0
3305-011,32000.0,32000.0,0.0,Below the Line,Detalle,,SHOOT,0.0
3401-002,0.0,0.0,0.0,Below the Line,Detalle,,,0.0
3401-003,4400.0,23187.047,0.0,Below the Line,Detalle,,PREP,-18787.047
3401-004,22356.0,22226.89,0.0,Below the Line,Detalle,,PREP,129.11000000000058
3401-005,3876.45,2013.45,0.0,Below the Line,Detalle,,PREP,1862.9999999999998
3401-008,0.0,0.0,0.0,Below the Line,Detalle,,,0.0
3401-009,1504.68,1355.5,0.0,Below the Line,Detalle,,PREP,149.18000000000006
3401-010,1809.6,6659.33,0.0,Below the Line,Detalle,,PREP,-4849.73
3401-011,11948.76,18153.448,0.0,Below the Line,Detalle,,PREP,-6204.688
3401-012,1787.5,2860.0,0.0,Below the Line,Detalle,,PREP,-1072.5
3401-013,4353.44,4353.45,0.0,Below the Line,Detalle,,PREP,-0.010000000000218279
3401-014,17333.47,17202.64,0.0,Below the Line,Detalle,,PREP,130.83000000000175
3401-015,251.0,563.48,0.0,Below the Line,Detalle,,PREP,-312.48
3401-016,0.0,0.0,0.0,Below the Line,Detalle,,PREP,0.0
3401-017,8449.05,9351.74,0.0,Below the Line,Detalle,,PREP,-902.6900000000005
3401-020,0.0,0.0,0.0,Below the Line,Detalle,,,0.0
3401-021,12000.0,15878.0,0.0,Below the Line,Detalle,,PREP,-3878.0
3401-022,27.0,564.804,0.0,Below the Line,Detalle,,PREP,-537.804
3401-023,12000.0,16039.0,0.0,Below the Line,Detalle,,PREP,-4039.0
3401-024,5300.0,7700.0,0.0,Below the Line,Detalle,,PREP,-2400.0
3401-025,47.41,47.41,0.0,Below the Line,Detalle,,PREP,0.0
3401-026,3000.0,0.0,0.0,Below the Line,Detalle,,PREP,3000.0
3401-027,191.0,0.0,0.0,Below the Line,Detalle,,PREP,191.0
3401-030,0.0,0.0,0.0,Below the Line,Detalle,,,0.0
3401-031,16508.0,16508.0,0.0,Below the Line,Detalle,,PREP,0.0
3401-032,8670.0,8670.0,0.0,Below the Line,Detalle,,PREP,0.0
3401-033,22435.98,22436.0,0.0,Below the Line,Detalle,,PREP,-0.020000000000436557
3401-034,20160.0,20601.0,0.0,Below the Line,Detalle,,PREP,-441.0
3401-035,7494.0,7489.0,0.0,Below the Line,Detalle,,PREP,5.0
3401-036,10125.0,10110.0,0.0,Below the Line,Detalle,,PREP,15.0
3401-037,17953.4,15080.0,0.0,Below the Line,Detalle,,PREP,2873.4000000000015
3401-038,2798.0,3590.0,0.0,Below the Line,Detalle,,PREP,-792.0
3401-041,0.0,0.0,0.0,Below the Line,Detalle,,,0.0
3401-042,55000.0,104225.04,0.0,Below the Line,Detalle,,PREP,-49225.03999999999
3402-002,0.0,0.0,0.0,Below the Line,Detalle,,,0.0
3402-003,105000.0,120750.0,0.0,Below the Line,Detalle,,SOFT,-15750.0
3402-004,189000.0,173250.0,0.0,Below the Line,Detalle,,PREP,15750.0
3402-005,147000.0,147000.0,0.0,Below the Line,Detalle,,SHOOT,0.0
3402-006,63000.0,49000.0,0.0,Below the Line,Detalle,,WRAP,14000.0
3403-002,0.0,0.0,0.0,Below the Line,Detalle,,,0.0
3403-003,98000.0,88200.0,0.0,Below the Line,Detalle,,PREP,9800.0
3403-004,98000.0,88200.0,0.0,Below the Line,Detalle,,SHOOT,9800.0
3403-005,56000.0,50400.0,0.0,Below the Line,Detalle,,WRAP,5600.0
3403-008,0.0,0.0,0.0,Below the Line,Detalle,,,0.0
3403-009,31500.0,42000.0,0.0,Below the Line,Detalle,,SOFT,-10500.0
3403-010,101250.0,94500.0,0.0,Below the Line,Detalle,,PREP,6750.0
3403-011,78750.0,73500.0,0.0,Below the Line,Detalle,,SHOOT,5250.0
3403-014,0.0,0.0,0.0,Below the Line,Detalle,,,0.0
3403-015,90000.0,94500.0,0.0,Below the Line,Detalle,,PREP,-4500.0
3403-016,70000.0,73500.0,0.0,Below the Line,Detalle,,SHOOT,-3500.0
3403-019,0.0,0.0,0.0,Below the Line,Detalle,,,0.0
3403-020,40000.0,40000.0,0.0,Below the Line,Detalle,,PREP,0.0
3403-023,0.0,0.0,0.0,Below the Line,Detalle,,,0.0
3403-024,8000.0,8000.0,0.0,Below the Line,Detalle,,PREP,0.0
3403-025,56000.0,56000.0,0.0,Below the Line,Detalle,,SHOOT,0.0
3403-028,0.0,0.0,0.0,Below the Line,Detalle,,,0.0
3403-029,10500.0,0.0,0.0,Below the Line,Detalle,,SHOOT,10500.0
3403-032,0.0,0.0,0.0,Below the Line,Detalle,,,0.0
3403-033,6000.0,16500.0,0.0,Below the Line,Detalle,,SHOOT,-10500.0
3403-036,0.0,0.0,0.0,Below the Line,Detalle,,,0.0
3403-037,8000.0,8500.0,0.0,Below the Line,Detalle,,2nd Unit,-500.0
3403-038,16000.0,19940.0,0.0,Below the Line,Detalle,,2nd Unit,-3940.0
3407-002,0.0,0.0,0.0,Below the Line,Detalle,,,0.0
3407-004,0.0,0.0,0.0,Below the Line,Detalle,,,0.0
3407-005,199500.0,218350.0,0.0,Below the Line,Detalle,,SHOOT,-18850.0
3407-006,5700.0,4200.0,0.0,Below the Line,Detalle,,SHOOT,1500.0
3407-007,39900.0,37550.0,0.0,Below the Line,Detalle,,SHOOT,2350.0
3407-010,0.0,0.0,0.0,Below the Line,Detalle,,,0.0
3407-011,57000.0,38700.0,0.0,Below the Line,Detalle,,2nd Unit,18300.0
3407-012,3800.0,2850.0,0.0,Below the Line,Detalle,,2nd Unit,950.0
3407-013,11400.0,11400.0,0.0,Below the Line,Detalle,,2nd Unit,0.0
3408-002,0.0,0.0,0.0,Below the Line,Detalle,,,0.0
3408-003,100000.0,65000.0,0.0,Below the Line,Detalle,,SHOOT,35000.0
3410-002,0.0,0.0,0.0,Below the Line,Detalle,,,0.0
3410-003,682500.0,740941.71,0.0,Below the Line,Detalle,,SHOOT,-58441.70999999996
3410-004,327600.0,286661.22,0.0,Below the Line,Detalle,,SHOOT,40938.78000000003
3410-005,1037400.0,1051555.91,0.0,Below the Line,Detalle,,SHOOT,-14155.909999999916
3410-006,491400.0,504278.14999999997,0.0,Below the Line,Detalle,,SHOOT,-12878.149999999965
3410-007,491400.0,504278.14999999997,0.0,Below the Line,Detalle,,SHOOT,-12878.149999999965
3410-008,123500.0,167090.27,0.0,Below the Line,Detalle,,SHOOT,-43590.26999999999
3410-011,0.0,0.0,0.0,Below the Line,Detalle,,,0.0
3410-012,100000.0,93998.672,0.0,Below the Line,Detalle,,SHOOT,6001.327999999994
3410-013,693750.0,794524.4,0.0,Below the Line,Detalle,,SHOOT,-100774.40000000002
3410-016,0.0,0.0,0.0,Below the Line,Detalle,,,0.0
3410-017,165000.0,163652.75,0.0,Below the Line,Detalle,,2nd Unit,1347.25
3410-018,79200.0,125380.26000000001,0.0,Below the Line,Detalle,,2nd Unit,-46180.26000000001
3410-019,250800.0,218905.02,0.0,Below the Line,Detalle,,2nd Unit,31894.98000000001
3410-020,118800.0,120712.5,0.0,Below the Line,Detalle,,2nd Unit,-1912.5
3410-021,118800.0,120712.5,0.0,Below the Line,Detalle,,2nd Unit,-1912.5
3410-022,20900.0,0.0,0.0,Below the Line,Detalle,,2nd Unit,20900.0
3412-002,0.0,0.0,0.0,Below the Line,Detalle,,,0.0
3412-003,22370.0,56016.346000000005,0.0,Below the Line,Detalle,,SHOOT,-33646.346000000005
3412-006,0.0,0.0,0.0,Below the Line,Detalle,,,0.0
3412-007,500000.0,510500.0,0.0,Below the Line,Detalle,,SHOOT,-10500.0
3412-010,0.0,0.0,0.0,Below the Line,Detalle,,,0.0
3412-011,571000.0,571000.0,0.0,Below the Line,Detalle,,SHOOT,0.0
3412-014,0.0,0.0,0.0,Below the Line,Detalle,,,0.0
3412-015,700000.0,700000.0,0.0,Below the Line,Detalle,,SHOOT,0.0
3412-018,0.0,0.0,0.0,Below the Line,Detalle,,,0.0
3412-019,75000.0,75000.0,0.0,Below the Line,Detalle,,SHOOT,0.0
3412-022,0.0,0.0,0.0,Below the Line,Detalle,,,0.0
3412-023,15000.0,70000.0,0.0,Below the Line,Detalle,,SHOOT,-55000.0
3412-026,0.0,0.0,0.0,Below the Line,Detalle,,,0.0
3412-027,30000.0,140000.0,0.0,Below the Line,Detalle,,SHOOT,-110000.0
3412-030,0.0,0.0,0.0,Below the Line,Detalle,,,0.0
3412-031,25000.0,60000.0,0.0,Below the Line,Detalle,,SHOOT,-35000.0
3412-034,0.0,0.0,0.0,Below the Line,Detalle,,,0.0
3412-035,77586.21,77586.21,0.0,Below the Line,Detalle,,SHOOT,0.0
3412-038,0.0,0.0,0.0,Below the Line,Detalle,,,0.0
3412-039,58189.66,0.0,0.0,Below the Line,Detalle,,SHOOT,58189.66
3412-042,0.0,0.0,0.0,Below the Line,Detalle,,,0.0
3412-043,370272.0,429685.0,0.0,Below the Line,Detalle,,SHOOT,-59413.0
3412-046,0.0,0.0,0.0,Below the Line,Detalle,,,0.0
3412-047,30000.0,15000.0,0.0,Below the Line,Detalle,,SHOOT,15000.0
3412-050,0.0,0.0,0.0,Below the Line,Detalle,,,0.0
3412-051,40000.0,15000.0,0.0,Below the Line,Detalle,,SHOOT,25000.0
3412-054,0.0,0.0,0.0,Below the Line,Detalle,,,0.0
3412-055,25000.0,20000.0,0.0,Below the Line,Detalle,,SHOOT,5000.0
3412-058,0.0,0.0,0.0,Below the Line,Detalle,,,0.0
3412-059,45000.0,45000.0,0.0,Below the Line,Detalle,,SHOOT,0.0
3412-062,0.0,0.0,0.0,Below the Line,Detalle,,,0.0
3412-063,45000.0,51750.0,0.0,Below the Line,Detalle,,SHOOT,-6750.0
3412-066,0.0,0.0,0.0,Below the Line,Detalle,,,0.0
3412-067,100000.0,80000.0,0.0,Below the Line,Detalle,,SHOOT,20000.0
3412-070,0.0,0.0,0.0,Below the Line,Detalle,,,0.0
3412-071,150000.0,157000.0,0.0,Below the Line,Detalle,,SHOOT,-7000.0
3412-074,0.0,0.0,0.0,Below the Line,Detalle,,,0.0
3412-075,125000.0,125000.0,0.0,Below the Line,Detalle,,SHOOT,0.0
3412-078,0.0,0.0,0.0,Below the Line,Detalle,,,0.0
3412-079,60000.0,45000.0,0.0,Below the Line,Detalle,,SHOOT,15000.0
3412-082,0.0,0.0,0.0,Below the Line,Detalle,,,0.0
3412-083,30000.0,0.0,0.0,Below the Line,Detalle,,SHOOT,30000.0
3412-086,0.0,0.0,0.0,Below the Line,Detalle,,,0.0
3412-087,300000.0,300000.0,0.0,Below the Line,Detalle,,SHOOT,0.0
3412-090,0.0,0.0,0.0,Below the Line,Detalle,,,0.0
3412-091,50000.0,25000.0,0.0,Below the Line,Detalle,,SHOOT,25000.0
3412-094,0.0,0.0,0.0,Below the Line,Detalle,,,0.0
3412-095,25000.0,35000.0,0.0,Below the Line,Detalle,,SHOOT,-10000.0
3412-098,0.0,0.0,0.0,Below the Line,Detalle,,,0.0
3412-099,55000.0,50000.0,0.0,Below the Line,Detalle,,SHOOT,5000.0
3412-102,0.0,0.0,0.0,Below the Line,Detalle,,,0.0
3412-103,60000.0,40000.0,0.0,Below the Line,Detalle,,SHOOT,20000.0
3412-106,0.0,0.0,0.0,Below the Line,Detalle,,,0.0
3412-107,56187.5,58000.0,0.0,Below the Line,Detalle,,SHOOT,-1812.5
3412-110,0.0,0.0,0.0,Below the Line,Detalle,,,0.0
3412-111,15000.0,102830.72,0.0,Below the Line,Detalle,,SHOOT,-87830.72
3412-114,0.0,0.0,0.0,Below the Line,Detalle,,,0.0
3412-115,10000.0,8620.71,0.0,Below the Line,Detalle,,SHOOT,1379.2900000000009
3412-118,0.0,0.0,0.0,Below the Line,Detalle,,,0.0
3412-119,30000.0,0.0,0.0,Below the Line,Detalle,,SHOOT,30000.0
3412-122,0.0,0.0,0.0,Below the Line,Detalle,,,0.0
3412-123,5000.0,0.0,0.0,Below the Line,Detalle,,SHOOT,5000.0
3412-126,0.0,0.0,0.0,Below the Line,Detalle,,,0.0
3412-127,2701500.0,2155.17,0.0,Below the Line,Detalle,,ALL SHOW,2699344.83
3412-130,0.0,0.0,0.0,Below the Line,Detalle,,,0.0
3412-131,147000.0,89280.34,0.0,Below the Line,Detalle,,SHOOT,57719.66
3412-132,147000.0,144979.03,0.0,Below the Line,Detalle,,SHOOT,2020.9700000000012
3412-133,42000.0,42975.71,0.0,Below the Line,Detalle,,2nd Unit,-975.7099999999991
3412-134,42000.0,60000.0,0.0,Below the Line,Detalle,,2nd Unit,-18000.0
3412-137,0.0,0.0,0.0,Below the Line,Detalle,,,0.0
3412-138,50000.0,31867.38,0.0,Below the Line,Detalle,,SHOOT,18132.62
3412-139,50000.0,35811.21,0.0,Below the Line,Detalle,,2nd Unit,14188.79
3416-002,0.0,0.0,0.0,Below the Line,Detalle,,,0.0
3416-003,3000.0,3000.0,0.0,Below the Line,Detalle,,PREP,0.0
3416-004,70000.0,86000.0,0.0,Below the Line,Detalle,,SHOOT,-16000.0
3416-005,0.0,0.0,0.0,Below the Line,Detalle,,WRAP,0.0
3416-008,0.0,0.0,0.0,Below the Line,Detalle,,,0.0
3416-009,3000.0,0.0,0.0,Below the Line,Detalle,,2nd Unit,3000.0
3416-010,20000.0,24000.0,0.0,Below the Line,Detalle,,2nd Unit,-4000.0
3416-011,0.0,0.0,0.0,Below the Line,Detalle,,2nd Unit,0.0
3416-014,0.0,0.0,0.0,Below the Line,Detalle,,,0.0
3416-015,16000.0,2587.078,0.0,Below the Line,Detalle,,ALL SHOW,13412.922
3442-002,0.0,0.0,0.0,Below the Line,Detalle,,,0.0
3442-004,0.0,0.0,0.0,Below the Line,Detalle,,,0.0
3442-005,51840.0,51866.34,0.0,Below the Line,Detalle,,PREP,-26.339999999996508
3442-006,175000.0,139772.89,0.0,Below the Line,Detalle,,SHOOT,35227.109999999986
3442-007,45000.0,42225.87,0.0,Below the Line,Detalle,,WRAP,2774.1299999999974
3442-010,0.0,0.0,0.0,Below the Line,Detalle,,,0.0
3442-011,5880.0,0.0,0.0,Below the Line,Detalle,,SHOOT,5880.0
3442-014,0.0,0.0,0.0,Below the Line,Detalle,,,0.0
3442-015,6480.0,2014.0900000000001,0.0,Below the Line,Detalle,,PREP,4465.91
3442-016,5880.0,10841.0,0.0,Below the Line,Detalle,,SHOOT,-4961.0
3442-019,0.0,0.0,0.0,Below the Line,Detalle,,,0.0
3442-020,11760.0,0.0,0.0,Below the Line,Detalle,,SHOOT,11760.0
3442-023,0.0,0.0,0.0,Below the Line,Detalle,,,0.0
3442-024,32400.0,41754.369999999995,0.0,Below the Line,Detalle,,PREP,-9354.369999999995
3442-025,287280.0,395099.49,0.0,Below the Line,Detalle,,SHOOT,-107819.48999999999
3442-028,0.0,0.0,0.0,Below the Line,Detalle,,,0.0
3442-029,38880.0,77054.31,0.0,Below the Line,Detalle,,2nd Unit,-38174.31
3442-032,0.0,0.0,0.0,Below the Line,Detalle,,,0.0
3442-033,16200.0,16200.0,0.0,Below the Line,Detalle,,PREP,0.0
3442-034,113400.0,152640.0,0.0,Below the Line,Detalle,,SHOOT,-39240.0
3442-037,0.0,0.0,0.0,Below the Line,Detalle,,,0.0
3442-038,17280.0,17280.0,0.0,Below the Line,Detalle,,2nd Unit,0.0
3442-040,0.0,1156.86,0.0,Below the Line,Detalle,,2nd Unit,-1156.86
3480-002,0.0,0.0,0.0,Below the Line,Detalle,,,0.0
3480-003,52500.0,47100.0,0.0,Below the Line,Detalle,,SHOOT,5400.0
3480-006,0.0,0.0,0.0,Below the Line,Detalle,,,0.0
3480-007,15000.0,15000.0,0.0,Below the Line,Detalle,,2nd Unit,0.0
3480-010,0.0,0.0,0.0,Below the Line,Detalle,,,0.0
3480-011,12500.0,10500.0,0.0,Below the Line,Detalle,,SHOOT,2000.0
3485-002,0.0,0.0,0.0,Below the Line,Detalle,,,0.0
3485-003,60000.0,86372.75,0.0,Below the Line,Detalle,,SHOOT,-26372.75
3498-002,0.0,0.0,0.0,Below the Line,Detalle,,,0.0
3498-003,400000.0,360170.23,0.0,Below the Line,Detalle,,ALL SHOW,39829.77000000002
3583-002,0.0,0.0,0.0,Below the Line,Detalle,,,0.0
3583-003,120000.0,90000.0,0.0,Below the Line,Detalle,,SHOOT,30000.0
3583-004,161000.0,209000.0,0.0,Below the Line,Detalle,,SHOOT,-48000.0
3601-002,0.0,0.0,0.0,Below the Line,Detalle,,,0.0
3601-003,24000.0,24000.0,0.0,Below the Line,Detalle,,PREP,0.0
3601-004,56000.0,56000.0,0.0,Below the Line,Detalle,,SHOOT,0.0
3601-005,16000.0,16000.0,0.0,Below the Line,Detalle,,WRAP,0.0
3601-008,0.0,0.0,0.0,Below the Line,Detalle,,,0.0
3601-009,8000.0,0.0,0.0,Below the Line,Detalle,,2nd Unit,8000.0
3601-010,16000.0,0.0,0.0,Below the Line,Detalle,,2nd Unit,16000.0
3601-011,8000.0,0.0,0.0,Below the Line,Detalle,,2nd Unit,8000.0
3629-002,0.0,0.0,0.0,Below the Line,Detalle,,,0.0
3629-003,145000.0,29057.03,0.0,Below the Line,Detalle,,SHOOT,115942.97
3629-004,90000.0,11484.59,0.0,Below the Line,Detalle,,2nd Unit,78515.41
3629-006,0.0,69700.48,0.0,Below the Line,Detalle,,2nd Unit,-69700.48
3632-002,0.0,0.0,0.0,Below the Line,Detalle,,,0.0
3632-003,625000.0,785657.2,0.0,Below the Line,Detalle,,SHOOT,-160657.19999999995
3632-004,315000.0,2344.97,0.0,Below the Line,Detalle,,SHOOT,312655.03
3632-007,0.0,0.0,0.0,Below the Line,Detalle,,,0.0
3632-008,90000.0,89783.47,0.0,Below the Line,Detalle,,2nd Unit,216.52999999999884
3632-009,90000.0,378697.01900000003,0.0,Below the Line,Detalle,,2nd Unit,-288697.01900000003
3632-012,0.0,0.0,0.0,Below the Line,Detalle,,,0.0
3632-013,245000.0,67602.57,0.0,Below the Line,Detalle,,SHOOT,177397.43
3632-014,180000.0,0.0,0.0,Below the Line,Detalle,,2nd Unit,180000.0
3632-017,0.0,0.0,0.0,Below the Line,Detalle,,,0.0
3632-018,1403.12,1403.12,0.0,Below the Line,Detalle,,PREP,0.0
3632-019,5000.0,1836.01,0.0,Below the Line,Detalle,,PREP,3163.99
3632-021,0.0,0.0,0.0,Below the Line,Detalle,,SHOOT,0.0
3633-002,0.0,0.0,0.0,Below the Line,Detalle,,,0.0
3633-003,140000.0,0.0,0.0,Below the Line,Detalle,,SHOOT,140000.0
3633-006,0.0,0.0,0.0,Below the Line,Detalle,,,0.0
3633-007,30000.0,0.0,0.0,Below the Line,Detalle,,2nd Unit,30000.0
3683-002,0.0,0.0,0.0,Below the Line,Detalle,,,0.0
3683-004,0.0,0.0,0.0,Below the Line,Detalle,,,0.0
3683-005,60000.0,34878.26,0.0,Below the Line,Detalle,,PREP,25121.739999999998
3683-006,210000.0,294840.93,0.0,Below the Line,Detalle,,SHOOT,-84840.93
3683-007,30000.0,0.0,0.0,Below the Line,Detalle,,WRAP,30000.0
3683-010,0.0,0.0,0.0,Below the Line,Detalle,,,0.0
3683-011,60000.0,40637.380000000005,0.0,Below the Line,Detalle,,PREP,19362.619999999995
3683-012,210000.0,294642.83,0.0,Below the Line,Detalle,,SHOOT,-84642.83000000002
3683-013,30000.0,0.0,0.0,Below the Line,Detalle,,WRAP,30000.0
3683-016,0.0,0.0,0.0,Below the Line,Detalle,,,0.0
3683-017,45000.0,26158.7,0.0,Below the Line,Detalle,,PREP,18841.3
3683-018,315000.0,440579.56,0.0,Below the Line,Detalle,,SHOOT,-125579.56
3683-019,45000.0,0.0,0.0,Below the Line,Detalle,,WRAP,45000.0
3683-022,0.0,0.0,0.0,Below the Line,Detalle,,,0.0
3683-023,11000.0,6394.35,0.0,Below the Line,Detalle,,PREP,4605.65
3683-024,154000.0,215394.46000000002,0.0,Below the Line,Detalle,,SHOOT,-61394.46000000002
3683-025,11000.0,0.0,0.0,Below the Line,Detalle,,WRAP,11000.0
3683-028,0.0,0.0,0.0,Below the Line,Detalle,,,0.0
3683-029,10800.0,6278.09,0.0,Below the Line,Detalle,,PREP,4521.91
3683-030,151200.0,210149.05000000002,0.0,Below the Line,Detalle,,SHOOT,-58949.05000000002
3683-031,10800.0,0.0,0.0,Below the Line,Detalle,,WRAP,10800.0
3683-034,0.0,0.0,0.0,Below the Line,Detalle,,,0.0
3683-035,5400.0,0.0,0.0,Below the Line,Detalle,,PREP,5400.0
3683-036,75600.0,81319.01000000001,0.0,Below the Line,Detalle,,SHOOT,-5719.010000000009
3683-037,5400.0,0.0,0.0,Below the Line,Detalle,,WRAP,5400.0
3683-040,0.0,0.0,0.0,Below the Line,Detalle,,,0.0
3683-041,10800.0,6278.09,0.0,Below the Line,Detalle,,PREP,4521.91
3683-042,151200.0,210149.04,0.0,Below the Line,Detalle,,SHOOT,-58949.04000000001
3683-043,10800.0,0.0,0.0,Below the Line,Detalle,,WRAP,10800.0
3683-046,0.0,0.0,0.0,Below the Line,Detalle,,,0.0
3683-047,22000.0,12788.7,0.0,Below the Line,Detalle,,PREP,9211.3
3683-048,154000.0,215394.45,0.0,Below the Line,Detalle,,SHOOT,-61394.45000000001
3683-049,22000.0,0.0,0.0,Below the Line,Detalle,,WRAP,22000.0
3683-052,0.0,0.0,0.0,Below the Line,Detalle,,,0.0
3683-053,44000.0,32905.75,0.0,Below the Line,Detalle,,PREP,11094.25
3683-054,154000.0,214040.7,0.0,Below the Line,Detalle,,SHOOT,-60040.70000000001
3683-055,44000.0,8345.99,0.0,Below the Line,Detalle,,WRAP,35654.01
3683-058,0.0,0.0,0.0,Below the Line,Detalle,,,0.0
3683-059,75000.0,43597.83,0.0,Below the Line,Detalle,,PREP,31402.17
3683-060,105000.0,146859.84,0.0,Below the Line,Detalle,,SHOOT,-41859.84
3683-061,30000.0,0.0,0.0,Below the Line,Detalle,,WRAP,30000.0
3683-064,0.0,0.0,0.0,Below the Line,Detalle,,,0.0
3683-065,60000.0,34878.26,0.0,Below the Line,Detalle,,PREP,25121.739999999998
3683-066,105000.0,146859.84,0.0,Below the Line,Detalle,,SHOOT,-41859.84
3683-067,15000.0,0.0,0.0,Below the Line,Detalle,,WRAP,15000.0
3683-070,0.0,0.0,0.0,Below the Line,Detalle,,,0.0
3683-071,15000.0,8719.57,0.0,Below the Line,Detalle,,PREP,6280.43
3683-072,105000.0,146859.84,0.0,Below the Line,Detalle,,SHOOT,-41859.84
3683-073,15000.0,0.0,0.0,Below the Line,Detalle,,WRAP,15000.0
3683-076,0.0,0.0,0.0,Below the Line,Detalle,,,0.0
3683-077,60000.0,34878.26,0.0,Below the Line,Detalle,,PREP,25121.739999999998
3683-078,105000.0,146859.84,0.0,Below the Line,Detalle,,SHOOT,-41859.84
3683-079,15000.0,0.0,0.0,Below the Line,Detalle,,WRAP,15000.0
3683-082,0.0,0.0,0.0,Below the Line,Detalle,,,0.0
3683-083,22000.0,12788.7,0.0,Below the Line,Detalle,,PREP,9211.3
3683-084,154000.0,215394.45,0.0,Below the Line,Detalle,,SHOOT,-61394.45000000001
3683-085,22000.0,0.0,0.0,Below the Line,Detalle,,WRAP,22000.0
3683-088,0.0,0.0,0.0,Below the Line,Detalle,,,0.0
3683-089,60000.0,34878.26,0.0,Below the Line,Detalle,,PREP,25121.739999999998
3683-090,105000.0,146859.84,0.0,Below the Line,Detalle,,SHOOT,-41859.84
3683-091,15000.0,0.0,0.0,Below the Line,Detalle,,WRAP,15000.0
3683-094,0.0,0.0,0.0,Below the Line,Detalle,,,0.0
3683-095,22000.0,12788.7,0.0,Below the Line,Detalle,,PREP,9211.3
3683-096,154000.0,215394.45,0.0,Below the Line,Detalle,,SHOOT,-61394.45000000001
3683-097,22000.0,0.0,0.0,Below the Line,Detalle,,WRAP,22000.0
3683-100,0.0,0.0,0.0,Below the Line,Detalle,,,0.0
3683-101,157500.0,217520.75,0.0,Below the Line,Detalle,,SHOOT,-60020.75
3683-104,0.0,0.0,0.0,Below the Line,Detalle,,,0.0
3683-105,196000.0,270692.46,0.0,Below the Line,Detalle,,SHOOT,-74692.46000000002
3683-108,0.0,0.0,0.0,Below the Line,Detalle,,,0.0
3683-109,392000.0,543107.92,0.0,Below the Line,Detalle,,SHOOT,-151107.92000000004
3683-112,0.0,0.0,0.0,Below the Line,Detalle,,,0.0
3683-113,196000.0,33532.85,0.0,Below the Line,Detalle,,SHOOT,162467.15
3683-116,0.0,0.0,0.0,Below the Line,Detalle,,,0.0
3683-117,8000.0,0.0,0.0,Below the Line,Detalle,,PREP,8000.0
3683-118,196000.0,0.0,0.0,Below the Line,Detalle,,SHOOT,196000.0
3683-119,4000.0,0.0,0.0,Below the Line,Detalle,,WRAP,4000.0
3683-122,0.0,0.0,0.0,Below the Line,Detalle,,,0.0
3683-123,63750.0,0.0,0.0,Below the Line,Detalle,,SHOOT,63750.0
3683-126,0.0,0.0,0.0,Below the Line,Detalle,,,0.0
3683-127,35000.0,35000.0,0.0,Below the Line,Detalle,,PREP,0.0
3683-128,35000.0,35000.0,0.0,Below the Line,Detalle,,SHOOT,0.0
3683-129,20000.0,30000.0,0.0,Below the Line,Detalle,,WRAP,-10000.0
3683-132,0.0,0.0,0.0,Below the Line,Detalle,,,0.0
3683-134,0.0,0.0,0.0,Below the Line,Detalle,,,0.0
3683-136,0.0,0.0,0.0,Below the Line,Detalle,,,0.0
3683-137,45000.0,0.0,0.0,Below the Line,Detalle,,2nd Unit,45000.0
3683-138,90000.0,107807.45,0.0,Below the Line,Detalle,,2nd Unit,-17807.449999999997
3683-141,0.0,0.0,0.0,Below the Line,Detalle,,,0.0
3683-142,10800.0,0.0,0.0,Below the Line,Detalle,,2nd Unit,10800.0
3683-143,21600.0,8345.36,0.0,Below the Line,Detalle,,2nd Unit,13254.64
3683-144,10800.0,0.0,0.0,Below the Line,Detalle,,2nd Unit,10800.0
3683-147,0.0,0.0,0.0,Below the Line,Detalle,,,0.0
3683-148,15000.0,0.0,0.0,Below the Line,Detalle,,2nd Unit,15000.0
3683-149,30000.0,0.0,0.0,Below the Line,Detalle,,2nd Unit,30000.0
3683-150,15000.0,0.0,0.0,Below the Line,Detalle,,2nd Unit,15000.0
3683-153,0.0,0.0,0.0,Below the Line,Detalle,,,0.0
3683-154,112000.0,74837.01000000001,0.0,Below the Line,Detalle,,2nd Unit,37162.98999999999
3683-157,0.0,0.0,0.0,Below the Line,Detalle,,,0.0
3683-158,45000.0,509326.0,0.0,Below the Line,Detalle,,2nd Unit,-464326.0
3683-161,0.0,0.0,0.0,Below the Line,Detalle,,,0.0
3683-162,56000.0,0.0,0.0,Below the Line,Detalle,,2nd Unit,56000.0
3683-165,0.0,0.0,0.0,Below the Line,Detalle,,,0.0
3683-166,30000.0,0.0,0.0,Below the Line,Detalle,,2nd Unit,30000.0
3683-169,0.0,0.0,0.0,Below the Line,Detalle,,,0.0
3683-170,15000.0,0.0,0.0,Below the Line,Detalle,,2nd Unit,15000.0
3683-171,30000.0,99252.12,0.0,Below the Line,Detalle,,2nd Unit,-69252.12
3683-172,7500.0,0.0,0.0,Below the Line,Detalle,,2nd Unit,7500.0
3683-175,0.0,0.0,0.0,Below the Line,Detalle,,,0.0
3683-176,11000.0,0.0,0.0,Below the Line,Detalle,,2nd Unit,11000.0
3683-179,0.0,0.0,0.0,Below the Line,Detalle,,,0.0
3683-180,22000.0,0.0,0.0,Below the Line,Detalle,,2nd Unit,22000.0
3683-181,44000.0,0.0,0.0,Below the Line,Detalle,,2nd Unit,44000.0
3683-182,11000.0,0.0,0.0,Below the Line,Detalle,,2nd Unit,11000.0
3683-185,0.0,0.0,0.0,Below the Line,Detalle,,,0.0
3683-186,11000.0,0.0,0.0,Below the Line,Detalle,,2nd Unit,11000.0
3683-187,44000.0,0.0,0.0,Below the Line,Detalle,,2nd Unit,44000.0
3683-188,11000.0,0.0,0.0,Below the Line,Detalle,,2nd Unit,11000.0
3683-191,0.0,0.0,0.0,Below the Line,Detalle,,,0.0
3683-192,12000.0,0.0,0.0,Below the Line,Detalle,,2nd Unit,12000.0
3683-193,48000.0,0.0,0.0,Below the Line,Detalle,,2nd Unit,48000.0
3683-194,8000.0,0.0,0.0,Below the Line,Detalle,,2nd Unit,8000.0
3683-197,0.0,0.0,0.0,Below the Line,Detalle,,,0.0
3683-198,11250.0,0.0,0.0,Below the Line,Detalle,,2nd Unit,11250.0
3683-199,45000.0,0.0,0.0,Below the Line,Detalle,,2nd Unit,45000.0
3683-200,7500.0,0.0,0.0,Below the Line,Detalle,,2nd Unit,7500.0
3683-202,0.0,285530.46,0.0,Below the Line,Detalle,,2nd Unit,-285530.46
3683-204,0.0,72998.0,0.0,Below the Line,Detalle,,ALL SHOW,-72998.0
3698-002,0.0,0.0,0.0,Below the Line,Detalle,,,0.0
3698-003,50000.0,174781.0,0.0,Below the Line,Detalle,,SHOOT,-124781.0
3716-002,0.0,0.0,0.0,Below the Line,Detalle,,,0.0
3716-003,90000.0,16400.0,0.0,Below the Line,Detalle,,ALL SHOW,73600.0
3793-002,0.0,0.0,0.0,Below the Line,Detalle,,,0.0
3793-003,720000.0,880000.0,0.0,Below the Line,Detalle,,ALL SHOW,-160000.0
3807-002,0.0,0.0,0.0,Below the Line,Detalle,,,0.0
3807-003,50400.0,50400.0,0.0,Below the Line,Detalle,,POST,0.0
3807-006,0.0,0.0,0.0,Below the Line,Detalle,,,0.0
3807-007,84000.0,84000.0,0.0,Below the Line,Detalle,,POST,0.0
3807-010,0.0,0.0,0.0,Below the Line,Detalle,,,0.0
3807-011,152000.0,152000.0,0.0,Below the Line,Detalle,,POST,0.0
3807-012,152000.0,152000.0,0.0,Below the Line,Detalle,,POST,0.0
3813-002,0.0,0.0,0.0,Below the Line,Detalle,,,0.0
3813-003,197118.96,218577.97999999998,0.0,Below the Line,Detalle,,POST,-21459.01999999999
3894-002,0.0,0.0,0.0,Below the Line,Detalle,,,0.0
3894-003,96000.0,0.0,0.0,Below the Line,Detalle,,ALL SHOW,96000.0
3894-006,0.0,0.0,0.0,Below the Line,Detalle,,,0.0
3894-007,15500.0,0.0,0.0,Below the Line,Detalle,,ALL SHOW,15500.0
3901-002,0.0,0.0,0.0,Below the Line,Detalle,,,0.0
3901-003,2250.0,0.0,0.0,Below the Line,Detalle,,ALL SHOW,2250.0
3901-004,2250.0,11532.630000000001,0.0,Below the Line,Detalle,,ALL SHOW,-9282.630000000001
3901-007,0.0,0.0,0.0,Below the Line,Detalle,,,0.0
3901-008,2451.0,0.0,0.0,Below the Line,Detalle,,ALL SHOW,2451.0
3901-009,2250.0,4551.0,0.0,Below the Line,Detalle,,ALL SHOW,-2301.0
3901-012,0.0,0.0,0.0,Below the Line,Detalle,,,0.0
3901-013,2250.0,4809.49,0.0,Below the Line,Detalle,,ALL SHOW,-2559.49
3901-014,2250.0,0.0,0.0,Below the Line,Detalle,,ALL SHOW,2250.0
3901-017,0.0,0.0,0.0,Below the Line,Detalle,,,0.0
3901-018,2250.0,3458.69,0.0,Below the Line,Detalle,,ALL SHOW,-1208.69
3901-019,2250.0,3827.73,0.0,Below the Line,Detalle,,ALL SHOW,-1577.73
3901-022,0.0,0.0,0.0,Below the Line,Detalle,,,0.0
3901-023,2250.0,2128.05,0.0,Below the Line,Detalle,,ALL SHOW,121.94999999999982
3901-024,2250.0,1988.94,0.0,Below the Line,Detalle,,ALL SHOW,261.05999999999995
3901-027,0.0,0.0,0.0,Below the Line,Detalle,,,0.0
3901-028,2250.0,0.0,0.0,Below the Line,Detalle,,ALL SHOW,2250.0
3901-029,2250.0,4342.39,0.0,Below the Line,Detalle,,ALL SHOW,-2092.3900000000003
3901-032,0.0,0.0,0.0,Below the Line,Detalle,,,0.0
3901-033,9000.0,18099.63,0.0,Below the Line,Detalle,,ALL SHOW,-9099.630000000001
3901-034,9000.0,0.0,0.0,Below the Line,Detalle,,ALL SHOW,9000.0
3901-037,0.0,0.0,0.0,Below the Line,Detalle,,,0.0
3901-038,40500.0,45379.48,0.0,Below the Line,Detalle,,ALL SHOW,-4879.480000000003
3901-039,40500.0,46917.310000000005,0.0,Below the Line,Detalle,,ALL SHOW,-6417.310000000005
3901-042,0.0,0.0,0.0,Below the Line,Detalle,,,0.0
3901-043,2250.0,2181.81,0.0,Below the Line,Detalle,,ALL SHOW,68.19000000000005
3901-044,2250.0,0.0,0.0,Below the Line,Detalle,,ALL SHOW,2250.0
3901-047,0.0,0.0,0.0,Below the Line,Detalle,,,0.0
3901-048,40000.0,63132.21,0.0,Below the Line,Detalle,,ALL SHOW,-23132.21
3901-049,40000.0,102693.271,0.0,Below the Line,Detalle,,ALL SHOW,-62693.27099999999
3901-051,0.0,18265.31,0.0,Below the Line,Detalle,,ALL SHOW,-18265.31
3902-002,0.0,0.0,0.0,Below the Line,Detalle,,,0.0
3902-003,201600.0,197000.0,0.0,Below the Line,Detalle,,ALL SHOW,4600.0
3902-006,0.0,0.0,0.0,Below the Line,Detalle,,,0.0
3902-007,374400.0,763766.1599999999,0.0,Below the Line,Detalle,,PREP,-389366.1599999999
3902-008,1719900.0,1553020.48,0.0,Below the Line,Detalle,,SHOOT,166879.52000000002
3902-009,230400.0,93687.8,0.0,Below the Line,Detalle,,WRAP,136712.2
3902-012,0.0,0.0,0.0,Below the Line,Detalle,,,0.0
3902-013,31500.0,0.0,0.0,Below the Line,Detalle,,2nd Unit,31500.0
3902-014,226800.0,199952.14,0.0,Below the Line,Detalle,,2nd Unit,26847.859999999986
3902-015,13500.0,0.0,0.0,Below the Line,Detalle,,2nd Unit,13500.0
3902-018,0.0,0.0,0.0,Below the Line,Detalle,,,0.0
3902-019,37035.0,0.0,0.0,Below the Line,Detalle,,SHOOT,37035.0
3902-020,4320.0,0.0,0.0,Below the Line,Detalle,,2nd Unit,4320.0
3902-021,2200.0,0.0,0.0,Below the Line,Detalle,,ALL SHOW,2200.0
3902-024,0.0,0.0,0.0,Below the Line,Detalle,,,0.0
3902-025,53529.56,84085.70999999999,0.0,Below the Line,Detalle,,PREP,-30556.149999999994
3902-026,401471.7,182653.9,0.0,Below the Line,Detalle,,SHOOT,218817.80000000002
3902-027,11470.62,35746.17,0.0,Below the Line,Detalle,,WRAP,-24275.549999999996
3902-030,0.0,0.0,0.0,Below the Line,Detalle,,,0.0
3902-031,74117.4,0.0,0.0,Below the Line,Detalle,,PREP,74117.4
3902-032,555880.5,834885.1799999999,0.0,Below the Line,Detalle,,SHOOT,-279004.67999999993
3902-033,15882.3,15882.3,0.0,Below the Line,Detalle,,WRAP,0.0
3902-036,0.0,0.0,0.0,Below the Line,Detalle,,,0.0
3902-037,22689.0,0.0,0.0,Below the Line,Detalle,,2nd Unit,22689.0
3902-038,157310.4,343560.2,0.0,Below the Line,Detalle,,2nd Unit,-186249.80000000002
3902-039,6806.7,5090.86,0.0,Below the Line,Detalle,,2nd Unit,1715.8400000000001
3902-042,0.0,0.0,0.0,Below the Line,Detalle,,,0.0
3902-043,28800.0,0.0,0.0,Below the Line,Detalle,,SHOOT,28800.0
3902-044,4880.0,0.0,0.0,Below the Line,Detalle,,2nd Unit,4880.0
3902-047,0.0,4093.6,0.0,Below the Line,Detalle,,,-4093.6
3902-048,41720.0,57496.31,0.0,Below the Line,Detalle,,SHOOT,-15776.309999999998
3902-051,0.0,0.0,0.0,Below the Line,Detalle,,,0.0
3902-052,8940.0,9996.8,0.0,Below the Line,Detalle,,2nd Unit,-1056.7999999999993
3902-055,0.0,0.0,0.0,Below the Line,Detalle,,,0.0
3902-056,84130.2,81457.36,0.0,Below the Line,Detalle,,ALL SHOW,2672.8399999999965
3902-057,18516.6,14672.22,0.0,Below the Line,Detalle,,ALL SHOW,3844.379999999999
3902-060,0.0,0.0,0.0,Below the Line,Detalle,,,0.0
3902-061,20756.36,29344.44,0.0,Below the Line,Detalle,,ALL SHOW,-8588.079999999998
3902-064,0.0,0.0,0.0,Below the Line,Detalle,,,0.0
3902-065,12000.0,9600.0,0.0,Below the Line,Detalle,,ALL SHOW,2400.0
3903-002,0.0,0.0,0.0,Below the Line,Detalle,,,0.0
3903-003,46446.4,150950.8,0.0,Below the Line,Detalle,,PREP,-104504.4
3903-004,104504.4,0.0,0.0,Below the Line,Detalle,,SHOOT,104504.4
3903-005,165880.0,0.0,0.0,Below the Line,Detalle,,SHOOT,165880.0
3903-006,29029.0,0.0,0.0,Below the Line,Detalle,,WRAP,29029.0
3903-009,0.0,0.0,0.0,Below the Line,Detalle,,,0.0
3903-010,44787.6,47792.28,0.0,Below the Line,Detalle,,2nd Unit,-3004.6800000000003
3903-011,19905.6,16900.92,0.0,Below the Line,Detalle,,2nd Unit,3004.6800000000003
3903-012,0.0,0.0,0.0,Below the Line,Detalle,,2nd Unit,0.0
3903-015,0.0,0.0,0.0,Below the Line,Detalle,,,0.0
3903-016,13933.92,13933.92,0.0,Below the Line,Detalle,,PREP,0.0
3903-017,41801.76,41801.76,0.0,Below the Line,Detalle,,SHOOT,0.0
3903-018,6966.96,0.0,0.0,Below the Line,Detalle,,WRAP,6966.96
3903-021,0.0,0.0,0.0,Below the Line,Detalle,,,0.0
3903-022,23223.2,23223.2,0.0,Below the Line,Detalle,,2nd Unit,0.0
3903-023,19905.6,19905.6,0.0,Below the Line,Detalle,,2nd Unit,0.0
3903-024,0.0,0.0,0.0,Below the Line,Detalle,,2nd Unit,0.0
3903-027,0.0,0.0,0.0,Below the Line,Detalle,,,0.0
3903-028,34834.8,0.0,0.0,Below the Line,Detalle,,PREP,34834.8
3903-029,184126.8,298822.94999999995,0.0,Below the Line,Detalle,,SHOOT,-114696.14999999997
3903-030,17417.4,0.0,0.0,Below the Line,Detalle,,WRAP,17417.4
3903-033,0.0,0.0,0.0,Below the Line,Detalle,,,0.0
3903-034,23223.2,23223.2,0.0,Below the Line,Detalle,,2nd Unit,0.0
3903-035,15924.48,15924.48,0.0,Below the Line,Detalle,,2nd Unit,0.0
3903-036,0.0,0.0,0.0,Below the Line,Detalle,,2nd Unit,0.0
3903-039,0.0,0.0,0.0,Below the Line,Detalle,,,0.0
3903-040,59716.8,59716.8,0.0,Below the Line,Detalle,,SHOOT,0.0
3903-041,59716.8,59716.8,0.0,Below the Line,Detalle,,SHOOT,0.0
3903-042,59716.8,9716.8,0.0,Below the Line,Detalle,,SHOOT,50000.0
3903-045,0.0,0.0,0.0,Below the Line,Detalle,,,0.0
3903-046,8294.0,8294.0,0.0,Below the Line,Detalle,,2nd Unit,0.0
3903-047,8294.0,8294.0,0.0,Below the Line,Detalle,,2nd Unit,0.0
3903-048,8294.0,32024.98,0.0,Below the Line,Detalle,,2nd Unit,-23730.98
3903-051,0.0,0.0,0.0,Below the Line,Detalle,,,0.0
3903-052,42000.0,16659.03,0.0,Below the Line,Detalle,,SHOOT,25340.97
3904-002,0.0,0.0,0.0,Below the Line,Detalle,,,0.0
3904-003,10000.0,14286.463,0.0,Below the Line,Detalle,,ALL SHOW,-4286.463
3936-002,0.0,0.0,0.0,Below the Line,Detalle,,,0.0
3936-003,63800.0,27452.92,0.0,Below the Line,Detalle,,ALL SHOW,36347.08
3936-004,63800.0,64379.24,0.0,Below the Line,Detalle,,ALL SHOW,-579.239999999998
3936-007,0.0,0.0,0.0,Below the Line,Detalle,,,0.0
3936-008,33000.0,20832.89,0.0,Below the Line,Detalle,,2nd Unit,12167.11
3936-009,33000.0,14641.07,0.0,Below the Line,Detalle,,2nd Unit,18358.93
3936-012,0.0,0.0,0.0,Below the Line,Detalle,,,0.0
3936-013,9468.0,0.0,0.0,Below the Line,Detalle,,ALL SHOW,9468.0
3936-014,9468.0,0.0,0.0,Below the Line,Detalle,,ALL SHOW,9468.0
3936-017,0.0,0.0,0.0,Below the Line,Detalle,,,0.0
3936-018,6312.0,0.0,0.0,Below the Line,Detalle,,2nd Unit,6312.0
3936-019,6312.0,0.0,0.0,Below the Line,Detalle,,2nd Unit,6312.0
3999-001,120931.84999999999,46420.74,0.0,Below the Line,Detalle,,Fringes,74511.10999999999
4180-002,0.0,0.0,0.0,Below the Line,Detalle,,,0.0
4180-003,1451938.3,1461546.561,0.0,Below the Line,Detalle,,ALL SHOW,-9608.26099999994
5001-002,0.0,0.0,0.0,Post,Detalle,,,0.0
5001-003,10000.0,10000.0,0.0,Post,Detalle,,PREP,0.0
5001-004,475000.0,475000.0,0.0,Post,Detalle,,POST,0.0
5001-007,0.0,0.0,0.0,Post,Detalle,,,0.0
5001-008,288000.0,288000.0,0.0,Post,Detalle,,POST,0.0
5001-011,0.0,0.0,0.0,Post,Detalle,,,0.0
5001-012,288000.0,288000.0,0.0,Post,Detalle,,POST,0.0
5001-015,0.0,0.0,0.0,Post,Detalle,,,0.0
5001-016,288000.0,288000.0,0.0,Post,Detalle,,POST,0.0
5001-019,0.0,0.0,0.0,Post,Detalle,,,0.0
5001-021,0.0,0.0,0.0,Post,Detalle,,,0.0
5001-022,6250.0,6250.0,0.0,Post,Detalle,,ALL SHOW,0.0
5001-024,0.0,4000.0,0.0,Post,Detalle,,ALL SHOW,-4000.0
5002-002,0.0,0.0,0.0,Post,Detalle,,,0.0
5002-003,180500.0,180500.0,0.0,Post,Detalle,,POST,0.0
5002-006,0.0,0.0,0.0,Post,Detalle,,,0.0
5002-007,150000.0,150000.0,0.0,Post,Detalle,,POST,0.0
5002-010,0.0,0.0,0.0,Post,Detalle,,,0.0
5002-011,105000.0,105000.0,0.0,Post,Detalle,,POST,0.0
5009-002,0.0,0.0,0.0,Post,Detalle,,,0.0
5009-003,0.0,0.0,0.0,Post,Detalle,,,0.0
5009-004,66000.0,66000.0,0.0,Post,Detalle,,PREP,0.0
5009-005,572000.0,605000.0,0.0,Post,Detalle,,POST,-33000.0
5010-002,0.0,0.0,0.0,Post,Detalle,,,0.0
5010-003,0.0,0.0,0.0,Post,Detalle,,,0.0
5010-004,33000.0,33000.0,0.0,Post,Detalle,,PREP,0.0
5010-005,286000.0,302500.0,0.0,Post,Detalle,,POST,-16500.0
5011-002,0.0,0.0,0.0,Post,Detalle,,,0.0
5011-003,3000.0,3000.0,0.0,Post,Detalle,,PREP,0.0
5011-004,187200.0,187200.0,0.0,Post,Detalle,,POST,0.0
5011-007,0.0,0.0,0.0,Post,Detalle,,,0.0
5011-009,0.0,0.0,0.0,Post,Detalle,,,0.0
5011-010,4000.0,4000.0,0.0,Post,Detalle,,ALL SHOW,0.0
5018-002,0.0,0.0,0.0,Post,Detalle,,,0.0
5018-003,96000.0,96000.0,0.0,Post,Detalle,,POST,0.0
5018-006,0.0,0.0,0.0,Post,Detalle,,,0.0
5018-007,0.0,0.0,0.0,Post,Detalle,,,0.0
5018-008,400.0,400.0,0.0,Post,Detalle,,ALL SHOW,0.0
5022-002,0.0,0.0,0.0,Post,Detalle,,,0.0
5022-004,0.0,0.0,0.0,Post,Detalle,,,0.0
5022-005,52000.0,52000.0,0.0,Post,Detalle,,POST,0.0
5022-008,0.0,0.0,0.0,Post,Detalle,,,0.0
5022-009,3000.0,3000.0,0.0,Post,Detalle,,PREP,0.0
5022-010,312000.0,312000.0,0.0,Post,Detalle,,POST,0.0
5022-013,0.0,0.0,0.0,Post,Detalle,,,0.0
5022-014,150000.0,150000.0,0.0,Post,Detalle,,POST,0.0
5022-017,0.0,0.0,0.0,Post,Detalle,,,0.0
5022-018,5000.0,5000.0,0.0,Post,Detalle,,PREP,0.0
5022-019,117000.0,117000.0,0.0,Post,Detalle,,POST,0.0
5022-022,0.0,0.0,0.0,Post,Detalle,,,0.0
5022-023,208000.0,208000.0,0.0,Post,Detalle,,POST,0.0
5022-026,0.0,0.0,0.0,Post,Detalle,,,0.0
5022-027,208000.0,208000.0,0.0,Post,Detalle,,POST,0.0
5022-030,0.0,0.0,0.0,Post,Detalle,,,0.0
5022-031,208000.0,208000.0,0.0,Post,Detalle,,POST,0.0
5022-034,0.0,0.0,0.0,Post,Detalle,,,0.0
5022-035,152000.0,152000.0,0.0,Post,Detalle,,POST,0.0
5022-038,0.0,0.0,0.0,Post,Detalle,,,0.0
5022-039,180000.0,180000.0,0.0,Post,Detalle,,POST,0.0
5022-042,0.0,0.0,0.0,Post,Detalle,,,0.0
5022-043,126000.0,126000.0,0.0,Post,Detalle,,POST,0.0
5022-046,0.0,0.0,0.0,Post,Detalle,,,0.0
5022-048,0.0,0.0,0.0,Post,Detalle,,,0.0
5022-049,12000.0,12000.0,0.0,Post,Detalle,,ALL SHOW,0.0
5022-052,0.0,0.0,0.0,Post,Detalle,,,0.0
5022-053,5000.0,5000.0,0.0,Post,Detalle,,ALL SHOW,0.0
5024-002,0.0,0.0,0.0,Post,Detalle,,,0.0
5024-003,115001.46,59204.93,0.0,Post,Detalle,,ALL SHOW,55796.530000000006
5101-002,0.0,0.0,0.0,Post,Detalle,,,0.0
5101-003,140000.0,140000.0,0.0,Post,Detalle,,POST,0.0
5101-006,0.0,0.0,0.0,Post,Detalle,,,0.0
5101-007,168000.0,168000.0,0.0,Post,Detalle,,POST,0.0
5101-010,0.0,0.0,0.0,Post,Detalle,,,0.0
5101-011,16000.0,16000.0,0.0,Post,Detalle,,POST,0.0
5105-002,0.0,0.0,0.0,Post,Detalle,,,0.0
5105-003,10000.0,10000.0,0.0,Post,Detalle,,PREP,0.0
5105-004,264000.0,264000.0,0.0,Post,Detalle,,POST,0.0
5105-007,0.0,0.0,0.0,Post,Detalle,,,0.0
5105-008,900000.0,900000.0,0.0,Post,Detalle,,POST,0.0
5105-011,0.0,0.0,0.0,Post,Detalle,,,0.0
5105-012,5000.0,5000.0,0.0,Post,Detalle,,PREP,0.0
5109-002,0.0,0.0,0.0,Post,Detalle,,,0.0
5109-003,80000.0,80000.0,0.0,Post,Detalle,,POST,0.0
5110-002,0.0,0.0,0.0,Post,Detalle,,,0.0
5110-003,200000.0,200000.0,0.0,Post,Detalle,,POST,0.0
5110-004,16000.0,16000.0,0.0,Post,Detalle,,POST,0.0
5113-002,0.0,0.0,0.0,Post,Detalle,,,0.0
5113-003,160000.0,160000.0,0.0,Post,Detalle,,POST,0.0
5120-002,0.0,0.0,0.0,Post,Detalle,,,0.0
5120-003,200000.0,200000.0,0.0,Post,Detalle,,ALL SHOW,0.0
5197-002,0.0,0.0,0.0,Post,Detalle,,,0.0
5197-003,47500.0,0.0,0.0,Post,Detalle,,ALL SHOW,47500.0
5201-002,0.0,0.0,0.0,Post,Detalle,,,0.0
5201-003,252000.0,252000.0,0.0,Post,Detalle,,POST,0.0
5201-006,0.0,0.0,0.0,Post,Detalle,,,0.0
5201-007,0.0,0.0,0.0,Post,Detalle,,,0.0
5201-008,126000.0,126000.0,0.0,Post,Detalle,,POST,0.0
5201-011,0.0,0.0,0.0,Post,Detalle,,,0.0
5201-012,0.0,0.0,0.0,Post,Detalle,,,0.0
5201-013,126000.0,126000.0,0.0,Post,Detalle,,POST,0.0
5201-016,0.0,0.0,0.0,Post,Detalle,,,0.0
5201-017,108000.0,108000.0,0.0,Post,Detalle,,POST,0.0
5201-020,0.0,0.0,0.0,Post,Detalle,,,0.0
5201-021,0.0,0.0,0.0,Post,Detalle,,,0.0
5201-022,0.0,0.0,0.0,Post,Detalle,,POST,0.0
5201-025,0.0,0.0,0.0,Post,Detalle,,,0.0
5201-026,0.0,0.0,0.0,Post,Detalle,,POST,0.0
5201-029,0.0,0.0,0.0,Post,Detalle,,,0.0
5201-030,0.0,0.0,0.0,Post,Detalle,,POST,0.0
5202-002,0.0,0.0,0.0,Post,Detalle,,,0.0
5202-003,56000.0,56000.0,0.0,Post,Detalle,,POST,0.0
5202-006,0.0,0.0,0.0,Post,Detalle,,,0.0
5202-007,0.0,0.0,0.0,Post,Detalle,,,0.0
5202-008,3000.0,3000.0,0.0,Post,Detalle,,ALL SHOW,0.0
5203-002,0.0,0.0,0.0,Post,Detalle,,,0.0
5203-003,126000.0,126000.0,0.0,Post,Detalle,,POST,0.0
5207-002,0.0,0.0,0.0,Post,Detalle,,,0.0
5207-003,250000.0,250000.0,0.0,Post,Detalle,,POST,0.0
5207-006,0.0,0.0,0.0,Post,Detalle,,,0.0
5207-007,0.0,0.0,0.0,Post,Detalle,,,0.0
5207-008,5000.0,5000.0,0.0,Post,Detalle,,ALL SHOW,0.0
5209-002,0.0,0.0,0.0,Post,Detalle,,,0.0
5209-003,57600.0,57600.0,0.0,Post,Detalle,,POST,0.0
5221-001,0.0,22570.0,0.0,Post,Detalle,,,-22570.0
5222-002,0.0,0.0,0.0,Post,Detalle,,,0.0
5222-003,162000.0,162000.0,0.0,Post,Detalle,,POST,0.0
5222-004,81000.0,81000.0,0.0,Post,Detalle,,POST,0.0
5222-005,81000.0,81000.0,0.0,Post,Detalle,,POST,0.0
5222-006,81000.0,81000.0,0.0,Post,Detalle,,POST,0.0
5222-007,36000.0,36000.0,0.0,Post,Detalle,,POST,0.0
5222-008,180000.0,180000.0,0.0,Post,Detalle,,POST,0.0
5222-009,108000.0,108000.0,0.0,Post,Detalle,,POST,0.0
5222-012,0.0,0.0,0.0,Post,Detalle,,,0.0
5222-014,0.0,0.0,0.0,Post,Detalle,,,0.0
5222-015,5000.0,5000.0,0.0,Post,Detalle,,ALL SHOW,0.0
5301-002,0.0,0.0,0.0,Post,Detalle,,,0.0
5301-003,80000.0,0.0,0.0,Post,Detalle,,POST,80000.0
5402-002,0.0,0.0,0.0,Post,Detalle,,,0.0
5402-003,100000.0,35000.0,0.0,Post,Detalle,,POST,65000.0
6001-002,0.0,0.0,0.0,Post,Detalle,,,0.0
6001-003,0.0,0.0,0.0,Post,Detalle,,,0.0
6001-004,0.0,0.0,0.0,Post,Detalle,,,0.0
6001-005,739200.0,739200.0,0.0,Post,Detalle,,POST,0.0
6002-002,0.0,0.0,0.0,Post,Detalle,,,0.0
6002-003,0.0,0.0,0.0,Post,Detalle,,,0.0
6002-004,294000.0,294000.0,0.0,Post,Detalle,,POST,0.0
6004-002,0.0,0.0,0.0,Post,Detalle,,,0.0
6004-003,1440000.0,1456795.81,0.0,Post,Detalle,,ALL SHOW,-16795.810000000056
6004-004,800000.0,1252840.53,0.0,Post,Detalle,,ALL SHOW,-452840.53
6004-005,560000.0,548776.67,0.0,Post,Detalle,,ALL SHOW,11223.329999999958
6101-002,0.0,0.0,0.0,Post,Detalle,,,0.0
6101-003,100000.0,100000.0,0.0,Post,Detalle,,SHOOT,0.0
6101-006,0.0,0.0,0.0,Post,Detalle,,,0.0
6101-007,10000.0,0.0,0.0,Post,Detalle,,PREP,10000.0
6101-008,70000.0,70000.0,0.0,Post,Detalle,,SHOOT,0.0
6101-009,20000.0,20000.0,0.0,Post,Detalle,,2nd Unit,0.0
6101-012,0.0,0.0,0.0,Post,Detalle,,,0.0
6101-013,168000.0,125984.47,0.0,Post,Detalle,,POST,42015.53
6102-002,0.0,0.0,0.0,Post,Detalle,,,0.0
6102-003,240000.0,96000.0,0.0,Post,Detalle,,POST,144000.0
6103-002,0.0,0.0,0.0,Post,Detalle,,,0.0
6103-003,216000.0,0.0,0.0,Post,Detalle,,POST,216000.0
6136-002,0.0,0.0,0.0,Post,Detalle,,,0.0
6136-004,0.0,0.0,0.0,Post,Detalle,,,0.0
6136-005,400000.0,0.0,0.0,Post,Detalle,,POST,400000.0
6136-008,0.0,0.0,0.0,Post,Detalle,,,0.0
6136-009,100000.0,727850.0,0.0,Post,Detalle,,SHOOT,-627850.0
6136-010,30000.0,0.0,0.0,Post,Detalle,,SHOOT,30000.0
6136-013,0.0,0.0,0.0,Post,Detalle,,,0.0
6136-014,40000.0,0.0,0.0,Post,Detalle,,SHOOT,40000.0
6136-017,0.0,0.0,0.0,Post,Detalle,,,0.0
6136-019,0.0,0.0,0.0,Post,Detalle,,,0.0
6136-020,3150.0,0.0,0.0,Post,Detalle,,POST,3150.0
6136-021,6300.0,0.0,0.0,Post,Detalle,,POST,6300.0
6136-022,4000.0,0.0,0.0,Post,Detalle,,POST,4000.0
6136-023,6300.0,0.0,0.0,Post,Detalle,,POST,6300.0
6136-024,24000.0,0.0,0.0,Post,Detalle,,POST,24000.0
6136-025,12000.0,0.0,0.0,Post,Detalle,,POST,12000.0
6136-026,12000.0,0.0,0.0,Post,Detalle,,POST,12000.0
6136-027,12000.0,0.0,0.0,Post,Detalle,,POST,12000.0
6136-028,6300.0,0.0,0.0,Post,Detalle,,POST,6300.0
6136-029,3150.0,0.0,0.0,Post,Detalle,,POST,3150.0
6136-030,3150.0,0.0,0.0,Post,Detalle,,POST,3150.0
6136-031,3150.0,0.0,0.0,Post,Detalle,,POST,3150.0
6136-034,0.0,0.0,0.0,Post,Detalle,,,0.0
6136-035,6300.0,0.0,0.0,Post,Detalle,,POST,6300.0
6136-036,6300.0,0.0,0.0,Post,Detalle,,POST,6300.0
6136-037,3675.0,0.0,0.0,Post,Detalle,,POST,3675.0
6136-038,3675.0,0.0,0.0,Post,Detalle,,POST,3675.0
6136-039,3675.0,0.0,0.0,Post,Detalle,,POST,3675.0
6136-040,3150.0,0.0,0.0,Post,Detalle,,POST,3150.0
6136-041,3150.0,0.0,0.0,Post,Detalle,,POST,3150.0
6136-042,3150.0,0.0,0.0,Post,Detalle,,POST,3150.0
6136-043,12600.0,0.0,0.0,Post,Detalle,,POST,12600.0
6136-044,3150.0,0.0,0.0,Post,Detalle,,POST,3150.0
6136-045,6300.0,0.0,0.0,Post,Detalle,,POST,6300.0
6136-048,0.0,0.0,0.0,Post,Detalle,,,0.0
6136-049,3150.0,0.0,0.0,Post,Detalle,,POST,3150.0
6136-050,3675.0,0.0,0.0,Post,Detalle,,POST,3675.0
6136-051,6300.0,0.0,0.0,Post,Detalle,,POST,6300.0
6136-052,12000.0,0.0,0.0,Post,Detalle,,POST,12000.0
6136-053,3150.0,0.0,0.0,Post,Detalle,,POST,3150.0
6136-054,6300.0,0.0,0.0,Post,Detalle,,POST,6300.0
6136-055,3150.0,0.0,0.0,Post,Detalle,,POST,3150.0
6136-056,8000.0,0.0,0.0,Post,Detalle,,POST,8000.0
6136-057,3150.0,0.0,0.0,Post,Detalle,,POST,3150.0
6136-058,3675.0,0.0,0.0,Post,Detalle,,POST,3675.0
6136-059,40000.0,0.0,0.0,Post,Detalle,,POST,40000.0
6136-060,3675.0,0.0,0.0,Post,Detalle,,POST,3675.0
6136-061,20000.0,0.0,0.0,Post,Detalle,,POST,20000.0
6136-062,3675.0,0.0,0.0,Post,Detalle,,POST,3675.0
6136-063,3675.0,0.0,0.0,Post,Detalle,,POST,3675.0
6136-064,3675.0,0.0,0.0,Post,Detalle,,POST,3675.0
6136-065,12000.0,0.0,0.0,Post,Detalle,,POST,12000.0
6136-066,12000.0,0.0,0.0,Post,Detalle,,POST,12000.0
6136-069,0.0,0.0,0.0,Post,Detalle,,,0.0
6136-070,3150.0,0.0,0.0,Post,Detalle,,POST,3150.0
6136-071,3675.0,0.0,0.0,Post,Detalle,,POST,3675.0
6136-072,3675.0,0.0,0.0,Post,Detalle,,POST,3675.0
6136-073,3675.0,0.0,0.0,Post,Detalle,,POST,3675.0
6136-074,15000.0,0.0,0.0,Post,Detalle,,POST,15000.0
6136-075,15000.0,0.0,0.0,Post,Detalle,,POST,15000.0
6136-078,0.0,0.0,0.0,Post,Detalle,,,0.0
6136-079,7350.0,0.0,0.0,Post,Detalle,,POST,7350.0
6136-080,3675.0,0.0,0.0,Post,Detalle,,POST,3675.0
6136-081,7350.0,0.0,0.0,Post,Detalle,,POST,7350.0
6136-082,6300.0,0.0,0.0,Post,Detalle,,POST,6300.0
6136-083,3675.0,0.0,0.0,Post,Detalle,,POST,3675.0
6136-084,7300.0,0.0,0.0,Post,Detalle,,POST,7300.0
6136-085,9450.0,0.0,0.0,Post,Detalle,,POST,9450.0
6136-086,9450.0,0.0,0.0,Post,Detalle,,POST,9450.0
6136-087,20000.0,0.0,0.0,Post,Detalle,,POST,20000.0
6136-090,0.0,0.0,0.0,Post,Detalle,,,0.0
6136-091,3150.0,0.0,0.0,Post,Detalle,,POST,3150.0
6136-092,3675.0,0.0,0.0,Post,Detalle,,POST,3675.0
6136-093,7350.0,0.0,0.0,Post,Detalle,,POST,7350.0
6136-094,3150.0,0.0,0.0,Post,Detalle,,POST,3150.0
6136-095,3675.0,0.0,0.0,Post,Detalle,,POST,3675.0
6136-096,3675.0,0.0,0.0,Post,Detalle,,POST,3675.0
6136-097,7350.0,0.0,0.0,Post,Detalle,,POST,7350.0
6136-100,0.0,0.0,0.0,Post,Detalle,,,0.0
6136-101,3150.0,0.0,0.0,Post,Detalle,,POST,3150.0
6136-102,3150.0,0.0,0.0,Post,Detalle,,POST,3150.0
6136-103,3675.0,0.0,0.0,Post,Detalle,,POST,3675.0
6136-104,3675.0,0.0,0.0,Post,Detalle,,POST,3675.0
6136-105,3150.0,0.0,0.0,Post,Detalle,,POST,3150.0
6136-106,3675.0,0.0,0.0,Post,Detalle,,POST,3675.0
6136-107,48000.0,0.0,0.0,Post,Detalle,,POST,48000.0
6136-110,0.0,0.0,0.0,Post,Detalle,,,0.0
6136-111,3675.0,0.0,0.0,Post,Detalle,,POST,3675.0
6136-112,11025.0,0.0,0.0,Post,Detalle,,POST,11025.0
6136-113,3675.0,0.0,0.0,Post,Detalle,,POST,3675.0
6136-114,3675.0,0.0,0.0,Post,Detalle,,POST,3675.0
6136-115,3675.0,0.0,0.0,Post,Detalle,,POST,3675.0
6136-116,3675.0,0.0,0.0,Post,Detalle,,POST,3675.0
6136-117,3675.0,0.0,0.0,Post,Detalle,,POST,3675.0
6136-118,3675.0,0.0,0.0,Post,Detalle,,POST,3675.0
6137-002,0.0,0.0,0.0,Post,Detalle,,,0.0
6137-003,-849515.52,0.0,0.0,Post,Detalle,,POST,-849515.52
6149-002,0.0,0.0,0.0,Post,Detalle,,,0.0
6149-003,350000.0,110400.0,0.0,Post,Detalle,,POST,239600.0
7001-002,0.0,0.0,0.0,Others,Detalle,,,0.0
7001-003,6875.0,6875.0,0.0,Others,Detalle,,SOFT,0.0
7001-004,49500.0,49500.0,0.0,Others,Detalle,,PREP,0.0
7001-005,38500.0,38500.0,0.0,Others,Detalle,,SHOOT,0.0
7001-006,22000.0,22000.0,0.0,Others,Detalle,,WRAP,0.0
7001-007,33000.0,33000.0,0.0,Others,Detalle,,POST,0.0
7002-002,0.0,0.0,0.0,Others,Detalle,,,0.0
7002-003,60000.0,335000.0,0.0,Others,Detalle,,PREP,-275000.0
7002-006,0.0,0.0,0.0,Others,Detalle,,,0.0
7002-007,4000.0,0.0,0.0,Others,Detalle,,ALL SHOW,4000.0
7002-008,4000.0,4733.0,0.0,Others,Detalle,,ALL SHOW,-733.0
7003-002,0.0,0.0,0.0,Others,Detalle,,,0.0
7003-003,0.0,0.0,0.0,Others,Detalle,,,0.0
7003-004,11643573.8,10574177.83,1069395.9700000011,Others,Detalle,,ALL SHOW,0.0
7007-002,0.0,0.0,0.0,Others,Detalle,,,0.0
7007-003,45000.0,95000.0,0.0,Others,Detalle,,PREP,-50000.0
7007-004,337500.0,677500.0,0.0,Others,Detalle,,SHOOT,-340000.0
7007-005,67500.0,67500.0,0.0,Others,Detalle,,WRAP,0.0
7007-008,0.0,0.0,0.0,Others,Detalle,,,0.0
7007-009,14182.0,14182.0,0.0,Others,Detalle,,ALL SHOW,0.0
7008-002,0.0,0.0,0.0,Others,Detalle,,,0.0
7008-003,18700.0,15300.0,0.0,Others,Detalle,,ALL SHOW,3400.0
7038-002,0.0,0.0,0.0,Others,Detalle,,,0.0
7038-003,3000.0,540.0,0.0,Others,Detalle,,DEVELOPMENT,2460.0
7038-004,3000.0,0.0,0.0,Others,Detalle,,DEVELOPMENT,3000.0
7038-007,0.0,0.0,0.0,Others,Detalle,,,0.0
7038-008,40000.0,10829.32,4245.68,Others,Detalle,,ALL SHOW,24925.0
7038-009,250000.0,71473.178,0.0,Others,Detalle,,ALL SHOW,178526.822
7050-002,0.0,0.0,0.0,Others,Detalle,,,0.0
7050-003,220000.0,205430.04,0.0,Others,Detalle,,ALL SHOW,14569.959999999992
7050-004,28000.0,32941.55,0.0,Others,Detalle,,ALL SHOW,-4941.550000000003
7050-005,25000.0,32654.428,0.0,Others,Detalle,,ALL SHOW,-7654.428
7080-002,0.0,0.0,0.0,Others,Detalle,,,0.0
7080-003,8000.0,26339.51,0.0,Others,Detalle,,ALL SHOW,-18339.51
7094-002,0.0,0.0,0.0,Others,Detalle,,,0.0
7094-003,582177.37,582177.36,0.0,Others,Detalle,,ALL SHOW,0.010000000009313226
7201-002,0.0,0.0,0.0,Others,Detalle,,,0.0
7201-003,1276536.0,1332744.52,0.0,Others,Detalle,,ALL SHOW,-56208.52000000002
7201-006,0.0,0.0,0.0,Others,Detalle,,,0.0
7201-007,47840.0,0.0,0.0,Others,Detalle,,SHOOT,47840.0
7201-008,0.0,0.0,0.0,Others,Detalle,,ALL SHOW,0.0
7216-002,0.0,0.0,0.0,Others,Detalle,,,0.0
7216-003,50000.0,4000.0,0.0,Others,Detalle,,COVID,46000.0
7217-002,0.0,0.0,0.0,Others,Detalle,,,0.0
7217-003,47400.0,0.0,0.0,Others,Detalle,,COVID,47400.0
7217-004,47400.0,0.0,0.0,Others,Detalle,,COVID,47400.0
7217-005,16500.0,0.0,0.0,Others,Detalle,,COVID,16500.0
7230-001,0.0,7050.755000000005,0.0,Others,Detalle,,,-7050.755000000005
7230-002,0.0,11436.91,0.0,Others,Detalle,,,-11436.91
7230-003,0.0,12178.92,0.0,Others,Detalle,,,-12178.92
7230-004,0.0,3025.87,0.0,Others,Detalle,,,-3025.87
7230-005,0.0,1320.29,0.0,Others,Detalle,,,-1320.29
